relative_path,filename,extension,mime_type,size_bytes,size_mb,sha256
assets/data/app_data.json,app_data.json,.json,application/json,21751,0.020743370056152344,9b8e8f2bd8ae907b9bbf7a446a8572b3e74b57312a0baf650402fab57c9e37b9
assets/data/attention_rollout_metadata.csv,attention_rollout_metadata.csv,.csv,application/vnd.ms-excel,5705,0.005440711975097656,b3908d15294ccf4755530e607612d1583073de4685b94c0497d586e250371104
assets/data/attention_rollout_method.json,attention_rollout_method.json,.json,application/json,781,0.0007448196411132812,5910fdb30316a0b2336dad3a6be8f2175ad744d5d4dbc3110e21425eba8ba830
assets/data/attention_rollout_summary.json,attention_rollout_summary.json,.json,application/json,17569,0.016755104064941406,7eca6316262e8f5cf0f7257946539aa68c8b491e7f62bc34254e5ccbba13d9ed
assets/data/deployment_config.json,deployment_config.json,.json,application/json,1043,0.0009946823120117188,3896bb76c0cad4a812e38915175505e3e0f90d5c35038f0e735cdfafca4a02c1
assets/data/model_metrics.json,model_metrics.json,.json,application/json,2630,0.0025081634521484375,ca66fc8a784061542fdbdd7655f2acef555611ed1e8166bb28066c89c2dbf3a3
assets/data/onnx_export_summary.json,onnx_export_summary.json,.json,application/json,1601,0.0015268325805664062,6bf73509df0770892068f1e35656615f13357d76f42cd22ba600b680b159e0f6
assets/data/onnx_parity_results.json,onnx_parity_results.json,.json,application/json,1374,0.0013103485107421875,d98e902a92835123a478e5ebd619a4b1e29ebe027123d634ef494f01b19c72e9
assets/data/onnx_parity_review.json,onnx_parity_review.json,.json,application/json,1837,0.0017518997192382812,3566fd22ca34b6452df24afdac61c5d65565c72b6a4dbefa55c7ecb923ab0801
assets/data/onnx_quantization_results.json,onnx_quantization_results.json,.json,application/json,6841,0.006524085998535156,226103e906e6da96a1bfa03565ed4484d5c25f747daa95a9a409701747e541a7
assets/data/onnx_quantization_summary.csv,onnx_quantization_summary.csv,.csv,application/vnd.ms-excel,562,0.0005359649658203125,6dc960bd51e02f435ec6b7e5fbea8aa0dbf92a0eed4f18047d3fb66955a356b8
assets/data/resnet_classification_report.csv,resnet_classification_report.csv,.csv,application/vnd.ms-excel,810,0.0007724761962890625,82189f79c6f382b11f22c8128a18c4e1fb10cb65d4fb0d9f23fe3a7942f1e87e
assets/data/test_evaluation_summary.json,test_evaluation_summary.json,.json,application/json,696,0.00066375732421875,6f60b58c35b7bc381c2b664b3fe229cb304964ac945f090b73fa10065ab14fa8
assets/data/vit_classification_report.csv,vit_classification_report.csv,.csv,application/vnd.ms-excel,810,0.0007724761962890625,987f2f645ec8fc9a3afa0bfa8fc6ec13ebaa1e671bca2b780751084bb658761f
assets/data/vit_vs_cnn_comparison.json,vit_vs_cnn_comparison.json,.json,application/json,1671,0.0015935897827148438,1e175b28be00623b6d3cb1b4865ce5527464295bb43e7d97e1aab0fb8abdd261
assets/data/vit_vs_cnn_latency_results.json,vit_vs_cnn_latency_results.json,.json,application/json,3904,0.00372314453125,ce1d6a3ac54404a86e5d69bf52031e3ea94b3a92309cb89cde14d10ac10f07e2
assets/images/attention/attention_rollout_correct_grid.png,attention_rollout_correct_grid.png,.png,image/png,1040349,0.9921541213989258,106a7d9502b0591f90db4641f74e74d59d453c7452d3fa0696887abb1322a78e
assets/images/attention/attention_rollout_incorrect_grid.png,attention_rollout_incorrect_grid.png,.png,image/png,1032349,0.9845247268676758,50b74a737fe22d09cd8cf0c60c5e54ca270f55b1d232e5fda9e5c03dee505953
assets/images/attention/correct/correct_index_1242_actual_ship_predicted_ship.png,correct_index_1242_actual_ship_predicted_ship.png,.png,image/png,280336,0.2673492431640625,82445f98e6399cba247ff5d8bd8dd2fa015b4fc810384e0f442db5f2a558bf7b
assets/images/attention/correct/correct_index_1955_actual_bird_predicted_bird.png,correct_index_1955_actual_bird_predicted_bird.png,.png,image/png,269776,0.2572784423828125,777203f16ff27f6a7eec53237ddfe0e97147fb9ca246568c3848dda9e5ec4495
assets/images/attention/correct/correct_index_2648_actual_deer_predicted_deer.png,correct_index_2648_actual_deer_predicted_deer.png,.png,image/png,263909,0.25168323516845703,a760b07fa0798d56be0b198ab901fb0ea3026dc531bcac8db771de09a788c817
assets/images/attention/correct/correct_index_363_actual_automobile_predicted_automobile.png,correct_index_363_actual_automobile_predicted_automobile.png,.png,image/png,275050,0.26230812072753906,b8daf049e296e77079b2a33a5b438f855b36c01d3401c78451427b4a68f302f0
assets/images/attention/correct/correct_index_3957_actual_truck_predicted_truck.png,correct_index_3957_actual_truck_predicted_truck.png,.png,image/png,255770,0.24392127990722656,00afe83065428558f0f2aa69f75f441b342e3cf21a1b3ab95e279ae3382d6867
assets/images/attention/correct/correct_index_4777_actual_dog_predicted_dog.png,correct_index_4777_actual_dog_predicted_dog.png,.png,image/png,302385,0.2883768081665039,985b68ebf891fb5a8b169b108c855945574396d2cba27806b88805912e0f7443
assets/images/attention/correct/correct_index_5585_actual_airplane_predicted_airplane.png,correct_index_5585_actual_airplane_predicted_airplane.png,.png,image/png,299993,0.28609561920166016,2fcbe8c89b0065c414647d16f674ac82a8f3712bbc319ae236c4591fd0e36b6f
assets/images/attention/correct/correct_index_5795_actual_horse_predicted_horse.png,correct_index_5795_actual_horse_predicted_horse.png,.png,image/png,269900,0.2573966979980469,4c04aeee87c7c5978fbd85732eed90b77d11bbc60e1f4e8f8b9914b9c9e56748
assets/images/attention/correct/correct_index_8171_actual_frog_predicted_frog.png,correct_index_8171_actual_frog_predicted_frog.png,.png,image/png,309513,0.29517459869384766,c4331222f9a810049c61f553a54e8f217132452830f823ff99e68d2abccaaea6
assets/images/attention/correct/correct_index_9375_actual_cat_predicted_cat.png,correct_index_9375_actual_cat_predicted_cat.png,.png,image/png,294243,0.2806119918823242,2ec0d006f986eff966c48312a8e59c4171056fbbbe029cc1c8f4eafdf780504d
assets/images/attention/incorrect/incorrect_index_1001_actual_airplane_predicted_ship.png,incorrect_index_1001_actual_airplane_predicted_ship.png,.png,image/png,252325,0.24063587188720703,75bf9b8b448f7386a9e40adc0163a6f6d77697a40d5c79e736e54b6a244c5b31
assets/images/attention/incorrect/incorrect_index_1163_actual_cat_predicted_dog.png,incorrect_index_1163_actual_cat_predicted_dog.png,.png,image/png,291148,0.2776603698730469,daae9cc0b3bd074e67d65cf3200b10cf629288a45243604562641e106d1dc7d1
assets/images/attention/incorrect/incorrect_index_3235_actual_dog_predicted_cat.png,incorrect_index_3235_actual_dog_predicted_cat.png,.png,image/png,273248,0.260589599609375,db433326024df599e77547ad73a388c60e53c1e657be241e6d513aab1ed744e8
assets/images/attention/incorrect/incorrect_index_3450_actual_truck_predicted_automobile.png,incorrect_index_3450_actual_truck_predicted_automobile.png,.png,image/png,271531,0.25895214080810547,f555d79113945278f3f389d83c861a2570320b801d187e00dff46706280e271a
assets/images/attention/incorrect/incorrect_index_3560_actual_automobile_predicted_truck.png,incorrect_index_3560_actual_automobile_predicted_truck.png,.png,image/png,300529,0.2866067886352539,93b465e545d89347f61f4a48c7c64d36c732922678d201518f7e4a0ab4ab898f
assets/images/attention/incorrect/incorrect_index_3653_actual_ship_predicted_airplane.png,incorrect_index_3653_actual_ship_predicted_airplane.png,.png,image/png,262084,0.24994277954101562,378d359fc8df4047286a4b87b0f144eb36d9ecde46ccc85615357280f408d4ec
assets/images/attention/incorrect/incorrect_index_4646_actual_bird_predicted_cat.png,incorrect_index_4646_actual_bird_predicted_cat.png,.png,image/png,251761,0.2400979995727539,09574faef98aaf337610cc6501d58ba25f6adf9e360ac80b9cd3f19f2fc0e75f
assets/images/attention/incorrect/incorrect_index_4744_actual_frog_predicted_airplane.png,incorrect_index_4744_actual_frog_predicted_airplane.png,.png,image/png,262935,0.25075435638427734,f051ba32ed18e4c887cc6b98f923439544ed883068bb2c0e755e2aa27e2af242
assets/images/attention/incorrect/incorrect_index_5690_actual_horse_predicted_deer.png,incorrect_index_5690_actual_horse_predicted_deer.png,.png,image/png,297341,0.2835664749145508,72931a06965a580b10175fc65edf7b0ff8ed8916cd74e715f9a52a8d21c88d58
assets/images/attention/incorrect/incorrect_index_9910_actual_deer_predicted_horse.png,incorrect_index_9910_actual_deer_predicted_horse.png,.png,image/png,299040,0.285186767578125,ad035b91c476416f9bd9cadb642e7cec4304cc1078a14f28fbd324f134417be5
assets/images/charts/class_distribution.png,class_distribution.png,.png,image/png,76556,0.07300949096679688,8f6e9d1e34783dbd7ec1466f915f7b8dd49dda2caa3b846ed229ebbbc917692e
assets/images/charts/onnx_parity_logit_difference.png,onnx_parity_logit_difference.png,.png,image/png,56898,0.05426216125488281,aa75505b6053a6c7c1fc563b833c0c7f1327f8596adab820dd123dbf3a747115
assets/images/charts/onnx_quantization_latency_comparison.png,onnx_quantization_latency_comparison.png,.png,image/png,68776,0.06558990478515625,f85079f49af829474135ec1f45d0d52363d90dd007efe1bbcfdf93901dabcfa4
assets/images/charts/onnx_quantization_metrics_comparison.png,onnx_quantization_metrics_comparison.png,.png,image/png,53757,0.05126667022705078,dd89fb329fabd2750137e9d7c467dc3ed5115ac63a684efc17cb47602c053fcc
assets/images/charts/onnx_quantization_size_comparison.png,onnx_quantization_size_comparison.png,.png,image/png,39085,0.03727436065673828,d684a39cd7b13ffee9639081951ee86878f19f1ad2d6cec3a0d8b3d372cf550f
assets/images/charts/parameter_count_comparison.png,parameter_count_comparison.png,.png,image/png,50119,0.047797203063964844,d55cfdf8903a0ff0fe7883de6a07f5fdbc3348fe98bd075cc925c270f24e0ff7
assets/images/charts/resnet_confusion_matrix.png,resnet_confusion_matrix.png,.png,image/png,124697,0.11892032623291016,dd3c9e173d8209a891fe505313812c199a32cf05e3c365737529e77f281731d0
assets/images/charts/resnet_confusion_matrix_normalized.png,resnet_confusion_matrix_normalized.png,.png,image/png,130739,0.12468242645263672,268da3455f5d8bc0b88d904fb7a9765f26d280ffe6536f82232c0f69ccefc46e
assets/images/charts/resnet_training_loss_curve.png,resnet_training_loss_curve.png,.png,image/png,80048,0.0763397216796875,abe85c576e360b41eb577c79f6db701fa7b6af39bf434c06abd89c62dde9921d
assets/images/charts/resnet_training_metrics_curve.png,resnet_training_metrics_curve.png,.png,image/png,89327,0.0851888656616211,b599490895bbd7a320ff1753261e30e854e17c9e5bfe7f44154a40faeab5d82e
assets/images/charts/sample_input_images.png,sample_input_images.png,.png,image/png,1866357,1.7798967361450195,894d5ad7e79157b3778835e694826b279e7d9b1de17174bc78b01337f301d065
assets/images/charts/vit_confusion_matrix.png,vit_confusion_matrix.png,.png,image/png,124499,0.11873149871826172,77d92ba56fbecd6d06c90716158f0e0e2b5d866106df1ab99ed89950064ee957
assets/images/charts/vit_confusion_matrix_normalized.png,vit_confusion_matrix_normalized.png,.png,image/png,130605,0.12455463409423828,f2d2419d1548b167d00d27bc5b099a3b5b15d45f49357cf7712c9d2dde6abdad
assets/images/charts/vit_training_loss_curve.png,vit_training_loss_curve.png,.png,image/png,76055,0.07253170013427734,09c7494a3bb2bc0a8a46951bd11150a404693c62edf78d0c9441a9514878a8cb
assets/images/charts/vit_training_metrics_curve.png,vit_training_metrics_curve.png,.png,image/png,87671,0.08360958099365234,1fcdb8b3ab5b3b60701d479f44696d87710e2f361493bdbf15391c25937c42d8
assets/images/charts/vit_vs_cnn_comparison.png,vit_vs_cnn_comparison.png,.png,image/png,57170,0.05452156066894531,8612f6d48e06484a7796ce65bf101c4c33e96c186418372f3ce1ac760565d914
assets/images/charts/vit_vs_cnn_latency_comparison.png,vit_vs_cnn_latency_comparison.png,.png,image/png,61680,0.0588226318359375,335534b21a2443e961d8da936fe2ef3f023d465160481faf03c7a4cb0768d818
assets/images/charts/vit_vs_cnn_latency_distribution.png,vit_vs_cnn_latency_distribution.png,.png,image/png,66724,0.06363296508789062,8ddf22b1598ef49ddc4a67020362132b7228f6fd66f8c2b33d7633541f990d87
assets/models/browser_model_config.json,browser_model_config.json,.json,application/json,1358,0.0012950897216796875,6efc80e54e758f0cd7cc86568839bda59185d7465eaa052764020b9a0e22c38d
assets/models/browser_model_selection.json,browser_model_selection.json,.json,application/json,1607,0.0015325546264648438,3b718e8eb1446b74b9e7fe28255a72e4429bb4be6c851140c3740e9b62eb9a43
assets/models/class_names.json,class_names.json,.json,application/json,173,0.00016498565673828125,f8e1bef21e50b82aa6659b683b52cd4355a63647382c84cedf68f48c20c4e0b2
assets/models/config.json,config.json,.json,application/json,1033,0.0009851455688476562,332d6a2b72e0cbcf66fa0cdc5d917f4ebb93f77f9f106e592b2c5d3509fadb23
assets/models/labels.json,labels.json,.json,application/json,123,0.00011730194091796875,32325c0b676b80df6dd58c449beebecf4a85d061db2f3529e1c68f3c58e95aa3
assets/models/model_browser.onnx,model_browser.onnx,.onnx,application/octet-stream,24448700,23.316097259521484,de9f83e4ac94c2c66f8a06f11dcc96f6b099059117f1b505bd576112a96a0ef2
assets/models/onnx_model_metadata.json,onnx_model_metadata.json,.json,application/json,1397,0.0013322830200195312,af6b9fbeba311505864460d2960057a9009bd406c7491bf6b8aa26f5f57a7c27
assets/models/preprocessor_config.json,preprocessor_config.json,.json,application/json,347,0.00033092498779296875,439af8297dfeaec6291666c66420f3616206713593f28921e394922915c2c851
