image_index,actual_class_id,actual_class,vit_predicted_class_id,vit_predicted_class,vit_confidence,vit_correct,resnet_predicted_class_id,resnet_predicted_class,resnet_confidence,resnet_correct,both_correct,both_incorrect,vit_only_correct,resnet_only_correct,error_category,confidence_difference_vit_minus_resnet,manual_review_notes
37,1,automobile,9,truck,0.9079079,False,9,truck,0.53331935,False,False,True,False,False,both_models_incorrect,0.37458855,
47,9,truck,8,ship,0.3044587,False,9,truck,0.33165127,True,False,False,False,True,resnet_correct_vit_incorrect,-0.027192563,
57,7,horse,5,dog,0.49723253,False,7,horse,0.93019855,True,False,False,False,True,resnet_correct_vit_incorrect,-0.43296602,
59,6,frog,3,cat,0.8991467,False,6,frog,0.54081964,True,False,False,False,True,resnet_correct_vit_incorrect,0.35832703,
61,3,cat,5,dog,0.88396513,False,5,dog,0.84503967,False,False,True,False,False,both_models_incorrect,0.03892547,
68,3,cat,6,frog,0.43311054,False,3,cat,0.83482033,True,False,False,False,True,resnet_correct_vit_incorrect,-0.4017098,
118,2,bird,6,frog,0.5871278,False,2,bird,0.55336505,True,False,False,False,True,resnet_correct_vit_incorrect,0.033762753,
125,0,airplane,8,ship,0.6036332,False,0,airplane,0.6160782,True,False,False,False,True,resnet_correct_vit_incorrect,-0.012444973,
128,5,dog,5,dog,0.5220045,True,3,cat,0.59108377,False,False,False,True,False,vit_correct_resnet_incorrect,-0.06907928,
147,2,bird,5,dog,0.7672457,False,6,frog,0.5222861,False,False,True,False,False,both_models_incorrect,0.2449596,
164,8,ship,0,airplane,0.84204704,False,0,airplane,0.9168713,False,False,True,False,False,both_models_incorrect,-0.07482427,
171,9,truck,0,airplane,0.7523085,False,9,truck,0.5038885,True,False,False,False,True,resnet_correct_vit_incorrect,0.24842,
178,5,dog,3,cat,0.5100097,False,5,dog,0.6603799,True,False,False,False,True,resnet_correct_vit_incorrect,-0.15037018,
201,1,automobile,1,automobile,0.90902823,True,9,truck,0.61213005,False,False,False,True,False,vit_correct_resnet_incorrect,0.2968982,
226,6,frog,3,cat,0.66569024,False,0,airplane,0.52250683,False,False,True,False,False,both_models_incorrect,0.14318341,
232,5,dog,7,horse,0.4614866,False,5,dog,0.64941967,True,False,False,False,True,resnet_correct_vit_incorrect,-0.18793306,
264,0,airplane,8,ship,0.69831383,False,8,ship,0.40293327,False,False,True,False,False,both_models_incorrect,0.29538056,
269,0,airplane,3,cat,0.4366127,False,0,airplane,0.753741,True,False,False,False,True,resnet_correct_vit_incorrect,-0.31712833,
275,5,dog,3,cat,0.89824617,False,3,cat,0.7008946,False,False,True,False,False,both_models_incorrect,0.19735157,
277,3,cat,3,cat,0.9287852,True,2,bird,0.45552304,False,False,False,True,False,vit_correct_resnet_incorrect,0.47326216,
293,9,truck,9,truck,0.62739456,True,1,automobile,0.43522877,False,False,False,True,False,vit_correct_resnet_incorrect,0.19216579,
295,4,deer,2,bird,0.5058024,False,4,deer,0.8168453,True,False,False,False,True,resnet_correct_vit_incorrect,-0.3110429,
308,1,automobile,1,automobile,0.9372385,True,9,truck,0.5886571,False,False,False,True,False,vit_correct_resnet_incorrect,0.34858143,
309,6,frog,4,deer,0.5964405,False,6,frog,0.52448606,True,False,False,False,True,resnet_correct_vit_incorrect,0.07195443,
355,7,horse,4,deer,0.89405847,False,4,deer,0.80099016,False,False,True,False,False,both_models_incorrect,0.0930683,
356,3,cat,3,cat,0.92182416,True,5,dog,0.27866292,False,False,False,True,False,vit_correct_resnet_incorrect,0.64316124,
378,0,airplane,0,airplane,0.8355618,True,8,ship,0.4253647,False,False,False,True,False,vit_correct_resnet_incorrect,0.4101971,
384,2,bird,5,dog,0.84578687,False,5,dog,0.40223783,False,False,True,False,False,both_models_incorrect,0.44354904,
385,8,ship,0,airplane,0.6594945,False,8,ship,0.8826523,True,False,False,False,True,resnet_correct_vit_incorrect,-0.22315776,
394,9,truck,9,truck,0.89641917,True,1,automobile,0.5018694,False,False,False,True,False,vit_correct_resnet_incorrect,0.3945498,
405,4,deer,4,deer,0.93082213,True,3,cat,0.41154036,False,False,False,True,False,vit_correct_resnet_incorrect,0.51928174,
418,3,cat,3,cat,0.5065409,True,5,dog,0.68500257,False,False,False,True,False,vit_correct_resnet_incorrect,-0.17846167,
456,3,cat,3,cat,0.8961402,True,4,deer,0.65437764,False,False,False,True,False,vit_correct_resnet_incorrect,0.24176258,
470,3,cat,5,dog,0.90264326,False,5,dog,0.6489735,False,False,True,False,False,both_models_incorrect,0.25366974,
474,5,dog,3,cat,0.72363853,False,5,dog,0.43847916,True,False,False,False,True,resnet_correct_vit_incorrect,0.28515938,
518,5,dog,7,horse,0.85224473,False,5,dog,0.5640918,True,False,False,False,True,resnet_correct_vit_incorrect,0.28815293,
551,5,dog,3,cat,0.8727265,False,3,cat,0.8441846,False,False,True,False,False,both_models_incorrect,0.028541923,
598,5,dog,3,cat,0.8796189,False,3,cat,0.6259051,False,False,True,False,False,both_models_incorrect,0.2537138,
631,5,dog,5,dog,0.59199846,True,2,bird,0.54804915,False,False,False,True,False,vit_correct_resnet_incorrect,0.043949306,
641,3,cat,2,bird,0.49432772,False,3,cat,0.8558446,True,False,False,False,True,resnet_correct_vit_incorrect,-0.3615169,
661,4,deer,2,bird,0.46029446,False,4,deer,0.67129123,True,False,False,False,True,resnet_correct_vit_incorrect,-0.21099678,
665,8,ship,8,ship,0.89337,True,0,airplane,0.8083836,False,False,False,True,False,vit_correct_resnet_incorrect,0.08498639,
682,4,deer,7,horse,0.6550828,False,4,deer,0.53155047,True,False,False,False,True,resnet_correct_vit_incorrect,0.123532355,
725,2,bird,2,bird,0.38698182,True,0,airplane,0.33875358,False,False,False,True,False,vit_correct_resnet_incorrect,0.048228234,
727,3,cat,3,cat,0.6428796,True,2,bird,0.3955787,False,False,False,True,False,vit_correct_resnet_incorrect,0.2473009,
734,9,truck,1,automobile,0.7026709,False,9,truck,0.45978513,True,False,False,False,True,resnet_correct_vit_incorrect,0.24288574,
792,3,cat,3,cat,0.5658086,True,5,dog,0.80254763,False,False,False,True,False,vit_correct_resnet_incorrect,-0.23673904,
810,5,dog,2,bird,0.6210893,False,2,bird,0.31827682,False,False,True,False,False,both_models_incorrect,0.30281246,
811,3,cat,5,dog,0.8487796,False,5,dog,0.4095925,False,False,True,False,False,both_models_incorrect,0.4391871,
841,0,airplane,0,airplane,0.9240518,True,8,ship,0.57332987,False,False,False,True,False,vit_correct_resnet_incorrect,0.35072196,
853,9,truck,1,automobile,0.90416026,False,9,truck,0.5440798,True,False,False,False,True,resnet_correct_vit_incorrect,0.36008048,
860,4,deer,7,horse,0.70996493,False,4,deer,0.9094189,True,False,False,False,True,resnet_correct_vit_incorrect,-0.19945395,
882,3,cat,3,cat,0.67984295,True,0,airplane,0.33286798,False,False,False,True,False,vit_correct_resnet_incorrect,0.34697497,
888,0,airplane,0,airplane,0.92181057,True,8,ship,0.7048395,False,False,False,True,False,vit_correct_resnet_incorrect,0.21697104,
910,5,dog,3,cat,0.66208774,False,3,cat,0.34598222,False,False,True,False,False,both_models_incorrect,0.3161055,
916,3,cat,3,cat,0.91044945,True,4,deer,0.7356569,False,False,False,True,False,vit_correct_resnet_incorrect,0.17479253,
938,9,truck,1,automobile,0.65153784,False,9,truck,0.90525156,True,False,False,False,True,resnet_correct_vit_incorrect,-0.25371373,
953,1,automobile,1,automobile,0.50472707,True,8,ship,0.5014569,False,False,False,True,False,vit_correct_resnet_incorrect,0.0032701492,
1001,0,airplane,8,ship,0.92161053,False,0,airplane,0.46353972,True,False,False,False,True,resnet_correct_vit_incorrect,0.4580708,
1061,1,automobile,9,truck,0.59069395,False,1,automobile,0.90284896,True,False,False,False,True,resnet_correct_vit_incorrect,-0.312155,
1118,4,deer,7,horse,0.7312177,False,7,horse,0.7394941,False,False,True,False,False,both_models_incorrect,-0.008276403,
1120,5,dog,5,dog,0.73525137,True,2,bird,0.43013403,False,False,False,True,False,vit_correct_resnet_incorrect,0.30511734,
1131,1,automobile,9,truck,0.8638364,False,1,automobile,0.93011785,True,False,False,False,True,resnet_correct_vit_incorrect,-0.06628144,
1163,3,cat,5,dog,0.9490898,False,5,dog,0.581147,False,False,True,False,False,both_models_incorrect,0.3679428,
1166,3,cat,5,dog,0.78536487,False,3,cat,0.43199867,True,False,False,False,True,resnet_correct_vit_incorrect,0.3533662,
1180,3,cat,5,dog,0.44564125,False,5,dog,0.5177558,False,False,True,False,False,both_models_incorrect,-0.07211456,
1222,9,truck,1,automobile,0.84817886,False,9,truck,0.52409977,True,False,False,False,True,resnet_correct_vit_incorrect,0.3240791,
1227,3,cat,5,dog,0.6959702,False,5,dog,0.93842274,False,False,True,False,False,both_models_incorrect,-0.24245256,
1230,5,dog,3,cat,0.5518067,False,5,dog,0.7139307,True,False,False,False,True,resnet_correct_vit_incorrect,-0.16212404,
1263,8,ship,0,airplane,0.87759185,False,8,ship,0.7949971,True,False,False,False,True,resnet_correct_vit_incorrect,0.08259475,
1277,2,bird,2,bird,0.9155485,True,3,cat,0.3060672,False,False,False,True,False,vit_correct_resnet_incorrect,0.60948133,
1280,3,cat,5,dog,0.7430202,False,3,cat,0.9308933,True,False,False,False,True,resnet_correct_vit_incorrect,-0.18787313,
1322,0,airplane,9,truck,0.6925827,False,0,airplane,0.68686515,True,False,False,False,True,resnet_correct_vit_incorrect,0.0057175756,
1325,2,bird,4,deer,0.9015556,False,4,deer,0.8573634,False,False,True,False,False,both_models_incorrect,0.044192195,
1334,3,cat,3,cat,0.87584513,True,5,dog,0.54923546,False,False,False,True,False,vit_correct_resnet_incorrect,0.32660967,
1391,7,horse,3,cat,0.5767178,False,3,cat,0.58091617,False,False,True,False,False,both_models_incorrect,-0.0041983724,
1395,3,cat,6,frog,0.88933414,False,3,cat,0.6962257,True,False,False,False,True,resnet_correct_vit_incorrect,0.19310844,
1439,9,truck,1,automobile,0.52905655,False,9,truck,0.8994445,True,False,False,False,True,resnet_correct_vit_incorrect,-0.37038797,
1442,3,cat,3,cat,0.63967186,True,5,dog,0.7033231,False,False,False,True,False,vit_correct_resnet_incorrect,-0.06365126,
1492,9,truck,8,ship,0.91277343,False,8,ship,0.61485547,False,False,True,False,False,both_models_incorrect,0.29791796,
1495,2,bird,0,airplane,0.91501045,False,0,airplane,0.86408305,False,False,True,False,False,both_models_incorrect,0.0509274,
1496,2,bird,6,frog,0.8817954,False,2,bird,0.61799514,True,False,False,False,True,resnet_correct_vit_incorrect,0.26380026,
1506,5,dog,7,horse,0.80455977,False,7,horse,0.53585887,False,False,True,False,False,both_models_incorrect,0.2687009,
1529,4,deer,2,bird,0.7179906,False,4,deer,0.6951489,True,False,False,False,True,resnet_correct_vit_incorrect,0.022841692,
1538,3,cat,3,cat,0.82889974,True,9,truck,0.6210091,False,False,False,True,False,vit_correct_resnet_incorrect,0.20789063,
1607,3,cat,7,horse,0.5374297,False,3,cat,0.53526336,True,False,False,False,True,resnet_correct_vit_incorrect,0.0021663308,
1610,2,bird,2,bird,0.8987685,True,4,deer,0.3064667,False,False,False,True,False,vit_correct_resnet_incorrect,0.5923018,
1684,1,automobile,1,automobile,0.8531682,True,8,ship,0.4329139,False,False,False,True,False,vit_correct_resnet_incorrect,0.4202543,
1713,8,ship,0,airplane,0.5264466,False,8,ship,0.795593,True,False,False,False,True,resnet_correct_vit_incorrect,-0.26914644,
1727,9,truck,1,automobile,0.90303195,False,9,truck,0.72919714,True,False,False,False,True,resnet_correct_vit_incorrect,0.1738348,
1731,5,dog,5,dog,0.87378985,True,3,cat,0.56035674,False,False,False,True,False,vit_correct_resnet_incorrect,0.3134331,
1732,9,truck,1,automobile,0.912872,False,1,automobile,0.9258107,False,False,True,False,False,both_models_incorrect,-0.012938678,
1765,4,deer,4,deer,0.91373765,True,2,bird,0.4235401,False,False,False,True,False,vit_correct_resnet_incorrect,0.49019757,
1779,3,cat,5,dog,0.8948003,False,5,dog,0.5969709,False,False,True,False,False,both_models_incorrect,0.2978294,
1791,4,deer,6,frog,0.7806765,False,4,deer,0.38715094,True,False,False,False,True,resnet_correct_vit_incorrect,0.39352554,
1800,4,deer,2,bird,0.6458017,False,4,deer,0.84257793,True,False,False,False,True,resnet_correct_vit_incorrect,-0.19677621,
1803,2,bird,2,bird,0.8717407,True,3,cat,0.60115135,False,False,False,True,False,vit_correct_resnet_incorrect,0.27058935,
1813,3,cat,3,cat,0.88736355,True,5,dog,0.47249162,False,False,False,True,False,vit_correct_resnet_incorrect,0.41487193,
1830,3,cat,5,dog,0.5100296,False,3,cat,0.42111254,True,False,False,False,True,resnet_correct_vit_incorrect,0.08891708,
1862,5,dog,5,dog,0.9008679,True,4,deer,0.3801809,False,False,False,True,False,vit_correct_resnet_incorrect,0.520687,
1884,7,horse,5,dog,0.91220045,False,5,dog,0.7652777,False,False,True,False,False,both_models_incorrect,0.14692277,
1885,5,dog,3,cat,0.85637414,False,0,airplane,0.32560492,False,False,True,False,False,both_models_incorrect,0.5307692,
1895,8,ship,0,airplane,0.56650907,False,8,ship,0.34285536,True,False,False,False,True,resnet_correct_vit_incorrect,0.2236537,
1934,7,horse,0,airplane,0.662231,False,7,horse,0.47483155,True,False,False,False,True,resnet_correct_vit_incorrect,0.18739948,
1935,6,frog,6,frog,0.6910033,True,2,bird,0.5600976,False,False,False,True,False,vit_correct_resnet_incorrect,0.13090575,
1938,8,ship,0,airplane,0.8856977,False,8,ship,0.73776656,True,False,False,False,True,resnet_correct_vit_incorrect,0.14793116,
1957,3,cat,5,dog,0.7197572,False,3,cat,0.45966285,True,False,False,False,True,resnet_correct_vit_incorrect,0.26009434,
1969,1,automobile,9,truck,0.910616,False,9,truck,0.73254204,False,False,True,False,False,both_models_incorrect,0.17807394,
1983,8,ship,8,ship,0.86689746,True,2,bird,0.33179426,False,False,False,True,False,vit_correct_resnet_incorrect,0.5351032,
2005,5,dog,3,cat,0.53788,False,3,cat,0.60943544,False,False,True,False,False,both_models_incorrect,-0.071555436,
2010,7,horse,2,bird,0.89529383,False,3,cat,0.6845114,False,False,True,False,False,both_models_incorrect,0.21078241,
2018,3,cat,6,frog,0.4869323,False,3,cat,0.8696333,True,False,False,False,True,resnet_correct_vit_incorrect,-0.382701,
2033,2,bird,4,deer,0.91143394,False,2,bird,0.7600367,True,False,False,False,True,resnet_correct_vit_incorrect,0.15139723,
2046,3,cat,3,cat,0.6467738,True,5,dog,0.7830962,False,False,False,True,False,vit_correct_resnet_incorrect,-0.13632238,
2059,9,truck,1,automobile,0.4979244,False,9,truck,0.5778189,True,False,False,False,True,resnet_correct_vit_incorrect,-0.07989448,
2066,2,bird,2,bird,0.93057686,True,4,deer,0.45231804,False,False,False,True,False,vit_correct_resnet_incorrect,0.47825882,
2078,2,bird,2,bird,0.55746084,True,4,deer,0.40109682,False,False,False,True,False,vit_correct_resnet_incorrect,0.15636402,
2128,4,deer,6,frog,0.4868632,False,3,cat,0.502734,False,False,True,False,False,both_models_incorrect,-0.01587081,
2175,3,cat,5,dog,0.59289384,False,3,cat,0.8102094,True,False,False,False,True,resnet_correct_vit_incorrect,-0.21731555,
2226,2,bird,6,frog,0.74862665,False,2,bird,0.8598768,True,False,False,False,True,resnet_correct_vit_incorrect,-0.11125016,
2232,0,airplane,2,bird,0.78957564,False,3,cat,0.34199545,False,False,True,False,False,both_models_incorrect,0.4475802,
2262,2,bird,2,bird,0.8514524,True,4,deer,0.4870548,False,False,False,True,False,vit_correct_resnet_incorrect,0.36439762,
2270,2,bird,2,bird,0.90615386,True,3,cat,0.5759082,False,False,False,True,False,vit_correct_resnet_incorrect,0.33024567,
2271,9,truck,9,truck,0.7392844,True,8,ship,0.65631735,False,False,False,True,False,vit_correct_resnet_incorrect,0.08296704,
2300,3,cat,8,ship,0.90773237,False,4,deer,0.28592235,False,False,True,False,False,both_models_incorrect,0.62181,
2314,3,cat,3,cat,0.9287863,True,5,dog,0.3458492,False,False,False,True,False,vit_correct_resnet_incorrect,0.5829371,
2331,2,bird,4,deer,0.5952371,False,2,bird,0.7832094,True,False,False,False,True,resnet_correct_vit_incorrect,-0.1879723,
2350,3,cat,3,cat,0.8366524,True,0,airplane,0.43566656,False,False,False,True,False,vit_correct_resnet_incorrect,0.40098584,
2386,4,deer,5,dog,0.5157596,False,4,deer,0.90977275,True,False,False,False,True,resnet_correct_vit_incorrect,-0.39401317,
2405,3,cat,6,frog,0.9013647,False,6,frog,0.8692885,False,False,True,False,False,both_models_incorrect,0.03207618,
2473,0,airplane,0,airplane,0.8141988,True,8,ship,0.8626879,False,False,False,True,False,vit_correct_resnet_incorrect,-0.048489094,
2494,5,dog,2,bird,0.50110257,False,7,horse,0.4421559,False,False,True,False,False,both_models_incorrect,0.05894667,
2495,9,truck,8,ship,0.8805707,False,8,ship,0.80818564,False,False,True,False,False,both_models_incorrect,0.07238507,
2511,8,ship,0,airplane,0.8147423,False,8,ship,0.6290833,True,False,False,False,True,resnet_correct_vit_incorrect,0.18565905,
2525,5,dog,5,dog,0.67872834,True,0,airplane,0.4802644,False,False,False,True,False,vit_correct_resnet_incorrect,0.19846395,
2532,0,airplane,1,automobile,0.7928672,False,1,automobile,0.7538775,False,False,True,False,False,both_models_incorrect,0.038989663,
2581,4,deer,4,deer,0.87393105,True,0,airplane,0.5725696,False,False,False,True,False,vit_correct_resnet_incorrect,0.30136144,
2586,7,horse,5,dog,0.70086324,False,7,horse,0.8341502,True,False,False,False,True,resnet_correct_vit_incorrect,-0.13328695,
2590,5,dog,5,dog,0.6268795,True,2,bird,0.31532502,False,False,False,True,False,vit_correct_resnet_incorrect,0.3115545,
2592,2,bird,4,deer,0.8914226,False,4,deer,0.44064027,False,False,True,False,False,both_models_incorrect,0.45078236,
2606,3,cat,5,dog,0.84683996,False,3,cat,0.79404527,True,False,False,False,True,resnet_correct_vit_incorrect,0.052794695,
2612,3,cat,5,dog,0.6435008,False,3,cat,0.85967314,True,False,False,False,True,resnet_correct_vit_incorrect,-0.21617234,
2622,0,airplane,0,airplane,0.60948557,True,2,bird,0.5457135,False,False,False,True,False,vit_correct_resnet_incorrect,0.06377208,
2650,5,dog,5,dog,0.8933513,True,2,bird,0.71665937,False,False,False,True,False,vit_correct_resnet_incorrect,0.17669195,
2675,2,bird,2,bird,0.9034201,True,6,frog,0.46984154,False,False,False,True,False,vit_correct_resnet_incorrect,0.43357855,
2729,5,dog,5,dog,0.89399326,True,3,cat,0.5369597,False,False,False,True,False,vit_correct_resnet_incorrect,0.35703355,
2762,4,deer,5,dog,0.36636972,False,4,deer,0.66668963,True,False,False,False,True,resnet_correct_vit_incorrect,-0.3003199,
2770,7,horse,5,dog,0.7941577,False,7,horse,0.36794773,True,False,False,False,True,resnet_correct_vit_incorrect,0.42620996,
2788,7,horse,9,truck,0.78702736,False,7,horse,0.7223302,True,False,False,False,True,resnet_correct_vit_incorrect,0.06469715,
2798,3,cat,5,dog,0.90486324,False,5,dog,0.5513321,False,False,True,False,False,both_models_incorrect,0.35353112,
2804,3,cat,5,dog,0.9295733,False,7,horse,0.57084334,False,False,True,False,False,both_models_incorrect,0.35872996,
2825,2,bird,2,bird,0.91215086,True,6,frog,0.7080964,False,False,False,True,False,vit_correct_resnet_incorrect,0.20405447,
2831,3,cat,3,cat,0.9186974,True,0,airplane,0.52001303,False,False,False,True,False,vit_correct_resnet_incorrect,0.39868438,
2843,1,automobile,8,ship,0.7742538,False,1,automobile,0.8488793,True,False,False,False,True,resnet_correct_vit_incorrect,-0.07462549,
2845,5,dog,3,cat,0.7975204,False,5,dog,0.5066876,True,False,False,False,True,resnet_correct_vit_incorrect,0.29083282,
2854,9,truck,1,automobile,0.92694104,False,1,automobile,0.8355112,False,False,True,False,False,both_models_incorrect,0.09142983,
2895,7,horse,7,horse,0.89794785,True,5,dog,0.4734374,False,False,False,True,False,vit_correct_resnet_incorrect,0.42451045,
2912,2,bird,2,bird,0.86647177,True,6,frog,0.6390821,False,False,False,True,False,vit_correct_resnet_incorrect,0.2273897,
2923,3,cat,3,cat,0.87317383,True,5,dog,0.8709963,False,False,False,True,False,vit_correct_resnet_incorrect,0.0021775365,
2948,5,dog,3,cat,0.41273102,False,4,deer,0.37878323,False,False,True,False,False,both_models_incorrect,0.033947796,
2960,9,truck,0,airplane,0.5909839,False,9,truck,0.80985314,True,False,False,False,True,resnet_correct_vit_incorrect,-0.21886921,
3011,3,cat,3,cat,0.87148285,True,5,dog,0.5200105,False,False,False,True,False,vit_correct_resnet_incorrect,0.35147238,
3031,7,horse,4,deer,0.6250764,False,7,horse,0.8666842,True,False,False,False,True,resnet_correct_vit_incorrect,-0.24160779,
3052,3,cat,3,cat,0.46695143,True,2,bird,0.34560654,False,False,False,True,False,vit_correct_resnet_incorrect,0.121344894,
3059,5,dog,5,dog,0.685152,True,3,cat,0.79827565,False,False,False,True,False,vit_correct_resnet_incorrect,-0.113123655,
3083,5,dog,3,cat,0.601635,False,3,cat,0.49140814,False,False,True,False,False,both_models_incorrect,0.11022684,
3094,2,bird,0,airplane,0.8289082,False,0,airplane,0.6139958,False,False,True,False,False,both_models_incorrect,0.21491241,
3107,5,dog,5,dog,0.8749637,True,3,cat,0.33537117,False,False,False,True,False,vit_correct_resnet_incorrect,0.5395925,
3113,3,cat,2,bird,0.5551699,False,2,bird,0.5047677,False,False,True,False,False,both_models_incorrect,0.050402164,
3135,7,horse,7,horse,0.6410706,True,5,dog,0.5831832,False,False,False,True,False,vit_correct_resnet_incorrect,0.057887375,
3164,0,airplane,0,airplane,0.91733074,True,2,bird,0.26673368,False,False,False,True,False,vit_correct_resnet_incorrect,0.6505971,
3168,9,truck,8,ship,0.8991399,False,9,truck,0.4232188,True,False,False,False,True,resnet_correct_vit_incorrect,0.4759211,
3181,9,truck,9,truck,0.5453203,True,1,automobile,0.5373494,False,False,False,True,False,vit_correct_resnet_incorrect,0.00797087,
3192,5,dog,4,deer,0.8897218,False,4,deer,0.72015935,False,False,True,False,False,both_models_incorrect,0.16956246,
3202,5,dog,3,cat,0.90480447,False,3,cat,0.85424846,False,False,True,False,False,both_models_incorrect,0.050556004,
3231,3,cat,5,dog,0.38469887,False,3,cat,0.40627962,True,False,False,False,True,resnet_correct_vit_incorrect,-0.021580756,
3235,5,dog,3,cat,0.9472363,False,5,dog,0.79980594,True,False,False,False,True,resnet_correct_vit_incorrect,0.14743036,
3297,4,deer,5,dog,0.76983905,False,4,deer,0.7782692,True,False,False,False,True,resnet_correct_vit_incorrect,-0.008430123,
3309,4,deer,7,horse,0.39918777,False,4,deer,0.7008166,True,False,False,False,True,resnet_correct_vit_incorrect,-0.3016288,
3327,7,horse,4,deer,0.82830834,False,7,horse,0.91941637,True,False,False,False,True,resnet_correct_vit_incorrect,-0.091108024,
3335,0,airplane,9,truck,0.4762931,False,0,airplane,0.8370236,True,False,False,False,True,resnet_correct_vit_incorrect,-0.36073053,
3336,0,airplane,0,airplane,0.9295523,True,9,truck,0.51680297,False,False,False,True,False,vit_correct_resnet_incorrect,0.41274935,
3342,0,airplane,8,ship,0.885553,False,0,airplane,0.46345696,True,False,False,False,True,resnet_correct_vit_incorrect,0.42209604,
3343,3,cat,5,dog,0.8512787,False,3,cat,0.9141542,True,False,False,False,True,resnet_correct_vit_incorrect,-0.06287545,
3354,3,cat,3,cat,0.8462601,True,0,airplane,0.37766826,False,False,False,True,False,vit_correct_resnet_incorrect,0.4685918,
3359,7,horse,7,horse,0.6542146,True,5,dog,0.6546572,False,False,False,True,False,vit_correct_resnet_incorrect,-0.0004425645,
3390,3,cat,5,dog,0.68549234,False,3,cat,0.6297212,True,False,False,False,True,resnet_correct_vit_incorrect,0.055771112,
3391,3,cat,5,dog,0.49502566,False,3,cat,0.69977665,True,False,False,False,True,resnet_correct_vit_incorrect,-0.20475098,
3416,7,horse,4,deer,0.7605817,False,4,deer,0.77456665,False,False,True,False,False,both_models_incorrect,-0.013984978,
3444,0,airplane,2,bird,0.39738107,False,2,bird,0.84092265,False,False,True,False,False,both_models_incorrect,-0.4435416,
3450,9,truck,1,automobile,0.93518275,False,1,automobile,0.91611534,False,False,True,False,False,both_models_incorrect,0.019067407,
3459,9,truck,9,truck,0.6263235,True,0,airplane,0.44022566,False,False,False,True,False,vit_correct_resnet_incorrect,0.18609786,
3489,3,cat,3,cat,0.8915634,True,5,dog,0.4578289,False,False,False,True,False,vit_correct_resnet_incorrect,0.4337345,
3490,0,airplane,2,bird,0.40901485,False,0,airplane,0.73220146,True,False,False,False,True,resnet_correct_vit_incorrect,-0.3231866,
3514,2,bird,2,bird,0.869404,True,3,cat,0.65124,False,False,False,True,False,vit_correct_resnet_incorrect,0.21816403,
3524,5,dog,5,dog,0.9129614,True,4,deer,0.8634693,False,False,False,True,False,vit_correct_resnet_incorrect,0.04949212,
3560,1,automobile,9,truck,0.91671944,False,9,truck,0.84506553,False,False,True,False,False,both_models_incorrect,0.0716539,
3570,3,cat,5,dog,0.4908601,False,3,cat,0.9173149,True,False,False,False,True,resnet_correct_vit_incorrect,-0.42645478,
3594,3,cat,5,dog,0.7911832,False,5,dog,0.77970344,False,False,True,False,False,both_models_incorrect,0.011479735,
3600,4,deer,5,dog,0.44386977,False,4,deer,0.5538049,True,False,False,False,True,resnet_correct_vit_incorrect,-0.109935105,
3607,3,cat,3,cat,0.615007,True,2,bird,0.54219675,False,False,False,True,False,vit_correct_resnet_incorrect,0.07281023,
3615,6,frog,6,frog,0.9186873,True,2,bird,0.78345364,False,False,False,True,False,vit_correct_resnet_incorrect,0.13523364,
3622,5,dog,3,cat,0.5953646,False,5,dog,0.82896227,True,False,False,False,True,resnet_correct_vit_incorrect,-0.2335977,
3645,1,automobile,9,truck,0.8711735,False,1,automobile,0.90310806,True,False,False,False,True,resnet_correct_vit_incorrect,-0.03193456,
3653,8,ship,0,airplane,0.91233003,False,0,airplane,0.7156427,False,False,True,False,False,both_models_incorrect,0.19668734,
3696,4,deer,3,cat,0.48913234,False,4,deer,0.90064836,True,False,False,False,True,resnet_correct_vit_incorrect,-0.411516,
3708,4,deer,3,cat,0.4355834,False,6,frog,0.32698292,False,False,True,False,False,both_models_incorrect,0.1086005,
3716,3,cat,4,deer,0.7262585,False,3,cat,0.4390181,True,False,False,False,True,resnet_correct_vit_incorrect,0.28724042,
3724,6,frog,6,frog,0.88597095,True,3,cat,0.3316399,False,False,False,True,False,vit_correct_resnet_incorrect,0.55433106,
3728,2,bird,4,deer,0.44251597,False,6,frog,0.43483156,False,False,True,False,False,both_models_incorrect,0.0076844096,
3735,5,dog,3,cat,0.8001969,False,5,dog,0.5845705,True,False,False,False,True,resnet_correct_vit_incorrect,0.21562636,
3744,4,deer,4,deer,0.5537877,True,7,horse,0.5622124,False,False,False,True,False,vit_correct_resnet_incorrect,-0.008424699,
3753,4,deer,6,frog,0.7470147,False,4,deer,0.5829702,True,False,False,False,True,resnet_correct_vit_incorrect,0.1640445,
3774,5,dog,5,dog,0.93024343,True,3,cat,0.45717913,False,False,False,True,False,vit_correct_resnet_incorrect,0.4730643,
3778,7,horse,7,horse,0.50488555,True,4,deer,0.63959527,False,False,False,True,False,vit_correct_resnet_incorrect,-0.13470972,
3787,3,cat,3,cat,0.85196435,True,4,deer,0.4334138,False,False,False,True,False,vit_correct_resnet_incorrect,0.41855055,
3792,0,airplane,8,ship,0.7318157,False,0,airplane,0.8794307,True,False,False,False,True,resnet_correct_vit_incorrect,-0.14761502,
3867,3,cat,5,dog,0.94275916,False,3,cat,0.50468487,True,False,False,False,True,resnet_correct_vit_incorrect,0.4380743,
3869,8,ship,0,airplane,0.6245515,False,8,ship,0.90000516,True,False,False,False,True,resnet_correct_vit_incorrect,-0.2754537,
3906,3,cat,5,dog,0.5637484,False,3,cat,0.7412784,True,False,False,False,True,resnet_correct_vit_incorrect,-0.17752999,
3924,5,dog,2,bird,0.5023377,False,5,dog,0.84826326,True,False,False,False,True,resnet_correct_vit_incorrect,-0.34592557,
3956,3,cat,6,frog,0.8455146,False,6,frog,0.84622484,False,False,True,False,False,both_models_incorrect,-0.00071024895,
3957,9,truck,9,truck,0.93973213,True,0,airplane,0.7363112,False,False,False,True,False,vit_correct_resnet_incorrect,0.20342094,
3962,4,deer,7,horse,0.8583051,False,4,deer,0.43408456,True,False,False,False,True,resnet_correct_vit_incorrect,0.42422053,
3977,3,cat,6,frog,0.67778957,False,3,cat,0.7099922,True,False,False,False,True,resnet_correct_vit_incorrect,-0.0322026,
4012,3,cat,3,cat,0.9421846,True,7,horse,0.4861427,False,False,False,True,False,vit_correct_resnet_incorrect,0.45604193,
4023,4,deer,4,deer,0.81858385,True,5,dog,0.5112304,False,False,False,True,False,vit_correct_resnet_incorrect,0.30735344,
4032,3,cat,5,dog,0.7105073,False,3,cat,0.74582416,True,False,False,False,True,resnet_correct_vit_incorrect,-0.035316885,
4036,7,horse,0,airplane,0.72934294,False,7,horse,0.24747767,True,False,False,False,True,resnet_correct_vit_incorrect,0.4818653,
4051,5,dog,5,dog,0.8788238,True,3,cat,0.46435925,False,False,False,True,False,vit_correct_resnet_incorrect,0.41446456,
4055,1,automobile,0,airplane,0.61832666,False,1,automobile,0.66092956,True,False,False,False,True,resnet_correct_vit_incorrect,-0.042602897,
4066,6,frog,6,frog,0.91498476,True,2,bird,0.5243659,False,False,False,True,False,vit_correct_resnet_incorrect,0.39061886,
4074,2,bird,5,dog,0.8737557,False,2,bird,0.63756156,True,False,False,False,True,resnet_correct_vit_incorrect,0.23619413,
4112,4,deer,4,deer,0.7255884,True,5,dog,0.39050034,False,False,False,True,False,vit_correct_resnet_incorrect,0.33508804,
4125,8,ship,8,ship,0.75293535,True,0,airplane,0.44013396,False,False,False,True,False,vit_correct_resnet_incorrect,0.3128014,
4140,5,dog,3,cat,0.7203548,False,5,dog,0.76514775,True,False,False,False,True,resnet_correct_vit_incorrect,-0.04479295,
4152,5,dog,5,dog,0.7330304,True,3,cat,0.29246265,False,False,False,True,False,vit_correct_resnet_incorrect,0.44056773,
4169,3,cat,5,dog,0.59724003,False,3,cat,0.69030213,True,False,False,False,True,resnet_correct_vit_incorrect,-0.0930621,
4198,8,ship,8,ship,0.7411102,True,0,airplane,0.6421723,False,False,False,True,False,vit_correct_resnet_incorrect,0.09893793,
4244,2,bird,4,deer,0.46970153,False,2,bird,0.5259491,True,False,False,False,True,resnet_correct_vit_incorrect,-0.056247592,
4251,8,ship,8,ship,0.69360095,True,0,airplane,0.4782123,False,False,False,True,False,vit_correct_resnet_incorrect,0.21538866,
4255,9,truck,9,truck,0.7739079,True,6,frog,0.42997488,False,False,False,True,False,vit_correct_resnet_incorrect,0.34393302,
4276,9,truck,1,automobile,0.91567194,False,1,automobile,0.9490097,False,False,True,False,False,both_models_incorrect,-0.033337772,
4302,2,bird,2,bird,0.90402275,True,5,dog,0.83808297,False,False,False,True,False,vit_correct_resnet_incorrect,0.065939784,
4309,7,horse,5,dog,0.4594328,False,5,dog,0.66369474,False,False,True,False,False,both_models_incorrect,-0.20426193,
4334,3,cat,3,cat,0.8172521,True,5,dog,0.33703157,False,False,False,True,False,vit_correct_resnet_incorrect,0.48022053,
4404,3,cat,3,cat,0.6937376,True,4,deer,0.8853242,False,False,False,True,False,vit_correct_resnet_incorrect,-0.19158655,
4409,8,ship,8,ship,0.8592408,True,1,automobile,0.4597073,False,False,False,True,False,vit_correct_resnet_incorrect,0.39953348,
4470,0,airplane,9,truck,0.5697426,False,9,truck,0.56464213,False,False,True,False,False,both_models_incorrect,0.0051004887,
4485,3,cat,5,dog,0.87814707,False,7,horse,0.46736786,False,False,True,False,False,both_models_incorrect,0.4107792,
4526,3,cat,5,dog,0.77755195,False,3,cat,0.8841123,True,False,False,False,True,resnet_correct_vit_incorrect,-0.10656035,
4527,3,cat,5,dog,0.80378735,False,3,cat,0.866669,True,False,False,False,True,resnet_correct_vit_incorrect,-0.06288165,
4528,5,dog,3,cat,0.42362514,False,4,deer,0.5475659,False,False,True,False,False,both_models_incorrect,-0.123940736,
4545,3,cat,3,cat,0.86420786,True,4,deer,0.8394169,False,False,False,True,False,vit_correct_resnet_incorrect,0.024790943,
4556,2,bird,2,bird,0.9124316,True,8,ship,0.5534027,False,False,False,True,False,vit_correct_resnet_incorrect,0.35902888,
4589,3,cat,3,cat,0.9026517,True,5,dog,0.31788275,False,False,False,True,False,vit_correct_resnet_incorrect,0.584769,
4590,9,truck,0,airplane,0.5304767,False,1,automobile,0.47853503,False,False,True,False,False,both_models_incorrect,0.051941663,
4614,3,cat,4,deer,0.57799965,False,3,cat,0.30169684,True,False,False,False,True,resnet_correct_vit_incorrect,0.2763028,
4615,5,dog,2,bird,0.4407785,False,2,bird,0.39852595,False,False,True,False,False,both_models_incorrect,0.04225254,
4628,5,dog,5,dog,0.8921176,True,7,horse,0.39938724,False,False,False,True,False,vit_correct_resnet_incorrect,0.49273038,
4630,2,bird,2,bird,0.6654295,True,4,deer,0.6578388,False,False,False,True,False,vit_correct_resnet_incorrect,0.0075906515,
4642,2,bird,4,deer,0.63589865,False,2,bird,0.4164452,True,False,False,False,True,resnet_correct_vit_incorrect,0.21945345,
4646,2,bird,3,cat,0.9441287,False,3,cat,0.5113411,False,False,True,False,False,both_models_incorrect,0.4327876,
4661,4,deer,3,cat,0.91925097,False,4,deer,0.3924955,True,False,False,False,True,resnet_correct_vit_incorrect,0.52675545,
4682,3,cat,5,dog,0.7450064,False,3,cat,0.77701414,True,False,False,False,True,resnet_correct_vit_incorrect,-0.032007754,
4718,3,cat,3,cat,0.43547198,True,5,dog,0.52712196,False,False,False,True,False,vit_correct_resnet_incorrect,-0.09164998,
4725,9,truck,9,truck,0.74438137,True,1,automobile,0.6268224,False,False,False,True,False,vit_correct_resnet_incorrect,0.117558956,
4740,5,dog,3,cat,0.9245958,False,3,cat,0.6459461,False,False,True,False,False,both_models_incorrect,0.2786497,
4744,6,frog,0,airplane,0.9208331,False,0,airplane,0.7037998,False,False,True,False,False,both_models_incorrect,0.21703333,
4754,3,cat,3,cat,0.27574787,True,8,ship,0.20478356,False,False,False,True,False,vit_correct_resnet_incorrect,0.07096431,
4775,2,bird,3,cat,0.4840624,False,2,bird,0.6373328,True,False,False,False,True,resnet_correct_vit_incorrect,-0.1532704,
4776,3,cat,5,dog,0.8190557,False,3,cat,0.7007623,True,False,False,False,True,resnet_correct_vit_incorrect,0.118293405,
4779,9,truck,9,truck,0.85225344,True,1,automobile,0.508138,False,False,False,True,False,vit_correct_resnet_incorrect,0.34411544,
4784,0,airplane,8,ship,0.9175279,False,8,ship,0.9042249,False,False,True,False,False,both_models_incorrect,0.013303041,
4794,4,deer,2,bird,0.9166518,False,2,bird,0.86906815,False,False,True,False,False,both_models_incorrect,0.04758364,
4871,7,horse,5,dog,0.61692053,False,7,horse,0.7037977,True,False,False,False,True,resnet_correct_vit_incorrect,-0.08687717,
4892,7,horse,4,deer,0.42210877,False,7,horse,0.5138914,True,False,False,False,True,resnet_correct_vit_incorrect,-0.09178263,
4903,2,bird,6,frog,0.78555477,False,2,bird,0.83557,True,False,False,False,True,resnet_correct_vit_incorrect,-0.05001521,
4906,5,dog,3,cat,0.9178536,False,3,cat,0.43882117,False,False,True,False,False,both_models_incorrect,0.47903243,
4910,8,ship,9,truck,0.86795497,False,9,truck,0.79014194,False,False,True,False,False,both_models_incorrect,0.07781303,
4931,9,truck,1,automobile,0.92030424,False,1,automobile,0.80784976,False,False,True,False,False,both_models_incorrect,0.112454474,
4933,3,cat,7,horse,0.32807937,False,3,cat,0.9507955,True,False,False,False,True,resnet_correct_vit_incorrect,-0.62271607,
4942,5,dog,5,dog,0.7946974,True,4,deer,0.6168267,False,False,False,True,False,vit_correct_resnet_incorrect,0.17787069,
4964,5,dog,7,horse,0.45181242,False,3,cat,0.5795276,False,False,True,False,False,both_models_incorrect,-0.1277152,
4965,3,cat,4,deer,0.9081025,False,4,deer,0.8471069,False,False,True,False,False,both_models_incorrect,0.06099564,
4970,2,bird,3,cat,0.72501457,False,2,bird,0.883326,True,False,False,False,True,resnet_correct_vit_incorrect,-0.15831143,
4993,7,horse,7,horse,0.914106,True,0,airplane,0.25137088,False,False,False,True,False,vit_correct_resnet_incorrect,0.6627351,
4996,3,cat,5,dog,0.8000351,False,5,dog,0.43088496,False,False,True,False,False,both_models_incorrect,0.36915016,
4998,5,dog,5,dog,0.82092804,True,6,frog,0.53274554,False,False,False,True,False,vit_correct_resnet_incorrect,0.2881825,
5006,7,horse,2,bird,0.7273319,False,7,horse,0.77228576,True,False,False,False,True,resnet_correct_vit_incorrect,-0.044953883,
5009,7,horse,7,horse,0.92147934,True,2,bird,0.44454935,False,False,False,True,False,vit_correct_resnet_incorrect,0.47693,
5023,2,bird,2,bird,0.8834431,True,6,frog,0.4896857,False,False,False,True,False,vit_correct_resnet_incorrect,0.3937574,
5030,4,deer,4,deer,0.8945612,True,0,airplane,0.25551766,False,False,False,True,False,vit_correct_resnet_incorrect,0.6390435,
5046,5,dog,3,cat,0.9062724,False,3,cat,0.82742894,False,False,True,False,False,both_models_incorrect,0.078843474,
5071,1,automobile,9,truck,0.72021854,False,1,automobile,0.94455415,True,False,False,False,True,resnet_correct_vit_incorrect,-0.22433561,
5086,3,cat,6,frog,0.54109144,False,3,cat,0.92293185,True,False,False,False,True,resnet_correct_vit_incorrect,-0.3818404,
5102,5,dog,2,bird,0.7969444,False,5,dog,0.68448985,True,False,False,False,True,resnet_correct_vit_incorrect,0.11245453,
5113,6,frog,4,deer,0.47278365,False,6,frog,0.85542613,True,False,False,False,True,resnet_correct_vit_incorrect,-0.38264248,
5129,2,bird,2,bird,0.7757271,True,4,deer,0.35216838,False,False,False,True,False,vit_correct_resnet_incorrect,0.4235587,
5130,5,dog,3,cat,0.59809816,False,5,dog,0.7632286,True,False,False,False,True,resnet_correct_vit_incorrect,-0.16513044,
5158,4,deer,4,deer,0.90151465,True,2,bird,0.24937679,False,False,False,True,False,vit_correct_resnet_incorrect,0.6521379,
5162,7,horse,0,airplane,0.8988723,False,7,horse,0.5975916,True,False,False,False,True,resnet_correct_vit_incorrect,0.30128074,
5200,3,cat,3,cat,0.9131428,True,5,dog,0.50129086,False,False,False,True,False,vit_correct_resnet_incorrect,0.41185194,
5211,7,horse,4,deer,0.6936218,False,4,deer,0.7264105,False,False,True,False,False,both_models_incorrect,-0.032788694,
5218,3,cat,5,dog,0.5169352,False,5,dog,0.77958775,False,False,True,False,False,both_models_incorrect,-0.26265252,
5227,4,deer,4,deer,0.62886274,True,6,frog,0.42889684,False,False,False,True,False,vit_correct_resnet_incorrect,0.1999659,
5229,5,dog,3,cat,0.82089216,False,3,cat,0.9488326,False,False,True,False,False,both_models_incorrect,-0.12794042,
5280,0,airplane,0,airplane,0.92290324,True,7,horse,0.21574599,False,False,False,True,False,vit_correct_resnet_incorrect,0.70715725,
5290,3,cat,5,dog,0.44771564,False,7,horse,0.49746177,False,False,True,False,False,both_models_incorrect,-0.049746126,
5369,4,deer,2,bird,0.5533151,False,2,bird,0.48368886,False,False,True,False,False,both_models_incorrect,0.06962624,
5387,3,cat,6,frog,0.79191256,False,3,cat,0.7993893,True,False,False,False,True,resnet_correct_vit_incorrect,-0.007476747,
5410,3,cat,3,cat,0.8739668,True,5,dog,0.53012854,False,False,False,True,False,vit_correct_resnet_incorrect,0.34383827,
5416,9,truck,1,automobile,0.5798105,False,1,automobile,0.89581996,False,False,True,False,False,both_models_incorrect,-0.31600946,
5417,4,deer,3,cat,0.5633773,False,5,dog,0.4895433,False,False,True,False,False,both_models_incorrect,0.07383403,
5426,5,dog,5,dog,0.8193411,True,3,cat,0.87105876,False,False,False,True,False,vit_correct_resnet_incorrect,-0.05171764,
5455,9,truck,1,automobile,0.90752345,False,9,truck,0.61422545,True,False,False,False,True,resnet_correct_vit_incorrect,0.293298,
5458,3,cat,6,frog,0.88775355,False,6,frog,0.8677499,False,False,True,False,False,both_models_incorrect,0.020003617,
5467,5,dog,7,horse,0.5906474,False,5,dog,0.46580258,True,False,False,False,True,resnet_correct_vit_incorrect,0.12484482,
5468,5,dog,5,dog,0.92125165,True,3,cat,0.6868257,False,False,False,True,False,vit_correct_resnet_incorrect,0.23442596,
5487,6,frog,3,cat,0.49927554,False,6,frog,0.844837,True,False,False,False,True,resnet_correct_vit_incorrect,-0.34556147,
5506,3,cat,3,cat,0.8310229,True,5,dog,0.47496846,False,False,False,True,False,vit_correct_resnet_incorrect,0.35605446,
5511,3,cat,6,frog,0.8912159,False,6,frog,0.888076,False,False,True,False,False,both_models_incorrect,0.003139913,
5529,3,cat,8,ship,0.28191662,False,3,cat,0.8913736,True,False,False,False,True,resnet_correct_vit_incorrect,-0.60945696,
5534,6,frog,6,frog,0.9290604,True,2,bird,0.4367118,False,False,False,True,False,vit_correct_resnet_incorrect,0.4923486,
5548,8,ship,0,airplane,0.9017658,False,0,airplane,0.8772321,False,False,True,False,False,both_models_incorrect,0.024533749,
5582,4,deer,4,deer,0.90809613,True,2,bird,0.338798,False,False,False,True,False,vit_correct_resnet_incorrect,0.56929815,
5603,5,dog,5,dog,0.8605334,True,4,deer,0.5142325,False,False,False,True,False,vit_correct_resnet_incorrect,0.3463009,
5607,6,frog,0,airplane,0.6543231,False,0,airplane,0.62756896,False,False,True,False,False,both_models_incorrect,0.02675414,
5620,3,cat,2,bird,0.8204057,False,3,cat,0.83647716,True,False,False,False,True,resnet_correct_vit_incorrect,-0.016071439,
5628,8,ship,0,airplane,0.4030371,False,8,ship,0.9148944,True,False,False,False,True,resnet_correct_vit_incorrect,-0.5118573,
5659,2,bird,6,frog,0.79452693,False,2,bird,0.41635668,True,False,False,False,True,resnet_correct_vit_incorrect,0.37817025,
5690,7,horse,4,deer,0.914106,False,4,deer,0.36982772,False,False,True,False,False,both_models_incorrect,0.54427826,
5698,7,horse,0,airplane,0.3669033,False,7,horse,0.6153215,True,False,False,False,True,resnet_correct_vit_incorrect,-0.24841821,
5708,2,bird,2,bird,0.88914376,True,5,dog,0.6232951,False,False,False,True,False,vit_correct_resnet_incorrect,0.26584864,
5730,5,dog,5,dog,0.60860837,True,3,cat,0.5386719,False,False,False,True,False,vit_correct_resnet_incorrect,0.069936454,
5747,8,ship,8,ship,0.87016606,True,0,airplane,0.70551926,False,False,False,True,False,vit_correct_resnet_incorrect,0.1646468,
5794,7,horse,0,airplane,0.8897628,False,7,horse,0.81586087,True,False,False,False,True,resnet_correct_vit_incorrect,0.07390195,
5808,5,dog,5,dog,0.8533389,True,3,cat,0.44164422,False,False,False,True,False,vit_correct_resnet_incorrect,0.41169468,
5830,5,dog,3,cat,0.84727365,False,3,cat,0.50911355,False,False,True,False,False,both_models_incorrect,0.3381601,
5864,9,truck,9,truck,0.62316537,True,1,automobile,0.7859599,False,False,False,True,False,vit_correct_resnet_incorrect,-0.16279453,
5882,1,automobile,9,truck,0.84130156,False,9,truck,0.7282277,False,False,True,False,False,both_models_incorrect,0.113073885,
5908,3,cat,3,cat,0.59562707,True,2,bird,0.5747054,False,False,False,True,False,vit_correct_resnet_incorrect,0.020921648,
5910,2,bird,3,cat,0.6406193,False,3,cat,0.41254416,False,False,True,False,False,both_models_incorrect,0.22807512,
5927,6,frog,6,frog,0.91396624,True,2,bird,0.54802793,False,False,False,True,False,vit_correct_resnet_incorrect,0.3659383,
5960,2,bird,2,bird,0.89236194,True,3,cat,0.58500504,False,False,False,True,False,vit_correct_resnet_incorrect,0.3073569,
5972,8,ship,0,airplane,0.8638385,False,0,airplane,0.6109208,False,False,True,False,False,both_models_incorrect,0.2529177,
5973,6,frog,2,bird,0.6395661,False,6,frog,0.8825439,True,False,False,False,True,resnet_correct_vit_incorrect,-0.2429778,
5987,3,cat,7,horse,0.87765527,False,3,cat,0.430868,True,False,False,False,True,resnet_correct_vit_incorrect,0.44678727,
5991,3,cat,5,dog,0.39557308,False,7,horse,0.25198555,False,False,True,False,False,both_models_incorrect,0.14358753,
6014,5,dog,5,dog,0.88623893,True,4,deer,0.62553155,False,False,False,True,False,vit_correct_resnet_incorrect,0.26070738,
6051,4,deer,5,dog,0.7924125,False,4,deer,0.5782875,True,False,False,False,True,resnet_correct_vit_incorrect,0.21412504,
6063,6,frog,4,deer,0.5853589,False,6,frog,0.4773461,True,False,False,False,True,resnet_correct_vit_incorrect,0.108012825,
6070,8,ship,8,ship,0.8802587,True,9,truck,0.5000313,False,False,False,True,False,vit_correct_resnet_incorrect,0.3802274,
6101,9,truck,1,automobile,0.56146055,False,1,automobile,0.41828364,False,False,True,False,False,both_models_incorrect,0.14317691,
6111,3,cat,5,dog,0.7255683,False,3,cat,0.8997485,True,False,False,False,True,resnet_correct_vit_incorrect,-0.17418021,
6127,5,dog,5,dog,0.68742573,True,2,bird,0.9061727,False,False,False,True,False,vit_correct_resnet_incorrect,-0.21874696,
6143,9,truck,9,truck,0.90421695,True,1,automobile,0.52175236,False,False,False,True,False,vit_correct_resnet_incorrect,0.3824646,
6169,5,dog,3,cat,0.8903828,False,5,dog,0.3418535,True,False,False,False,True,resnet_correct_vit_incorrect,0.5485293,
6190,4,deer,4,deer,0.90626645,True,2,bird,0.59961796,False,False,False,True,False,vit_correct_resnet_incorrect,0.3066485,
6197,4,deer,3,cat,0.7943204,False,4,deer,0.52498376,True,False,False,False,True,resnet_correct_vit_incorrect,0.26933664,
6202,3,cat,6,frog,0.8734924,False,6,frog,0.23367138,False,False,True,False,False,both_models_incorrect,0.63982105,
6251,1,automobile,9,truck,0.71585184,False,1,automobile,0.8525628,True,False,False,False,True,resnet_correct_vit_incorrect,-0.13671094,
6253,5,dog,5,dog,0.40927622,True,4,deer,0.6502359,False,False,False,True,False,vit_correct_resnet_incorrect,-0.24095967,
6257,5,dog,3,cat,0.6529792,False,2,bird,0.3294301,False,False,True,False,False,both_models_incorrect,0.3235491,
6271,6,frog,6,frog,0.92057014,True,4,deer,0.45431438,False,False,False,True,False,vit_correct_resnet_incorrect,0.46625575,
6307,4,deer,3,cat,0.4251159,False,4,deer,0.94136184,True,False,False,False,True,resnet_correct_vit_incorrect,-0.51624596,
6322,4,deer,7,horse,0.7473383,False,4,deer,0.7666425,True,False,False,False,True,resnet_correct_vit_incorrect,-0.019304216,
6326,7,horse,7,horse,0.8863489,True,8,ship,0.35984164,False,False,False,True,False,vit_correct_resnet_incorrect,0.52650726,
6339,3,cat,5,dog,0.4967195,False,3,cat,0.94184995,True,False,False,False,True,resnet_correct_vit_incorrect,-0.44513044,
6381,9,truck,1,automobile,0.7308319,False,1,automobile,0.9158059,False,False,True,False,False,both_models_incorrect,-0.18497396,
6393,3,cat,5,dog,0.5244713,False,5,dog,0.53203046,False,False,True,False,False,both_models_incorrect,-0.0075591803,
6401,4,deer,7,horse,0.7516604,False,4,deer,0.32169676,True,False,False,False,True,resnet_correct_vit_incorrect,0.42996365,
6412,8,ship,8,ship,0.7605336,True,9,truck,0.62767065,False,False,False,True,False,vit_correct_resnet_incorrect,0.13286293,
6419,9,truck,8,ship,0.5240036,False,1,automobile,0.41378677,False,False,True,False,False,both_models_incorrect,0.110216856,
6422,4,deer,5,dog,0.70338315,False,4,deer,0.8001223,True,False,False,False,True,resnet_correct_vit_incorrect,-0.09673917,
6423,5,dog,5,dog,0.8978936,True,7,horse,0.48787683,False,False,False,True,False,vit_correct_resnet_incorrect,0.41001678,
6428,5,dog,5,dog,0.75011355,True,6,frog,0.40415177,False,False,False,True,False,vit_correct_resnet_incorrect,0.34596178,
6446,4,deer,2,bird,0.4541218,False,4,deer,0.854334,True,False,False,False,True,resnet_correct_vit_incorrect,-0.4002122,
6497,4,deer,4,deer,0.48837423,True,2,bird,0.62272984,False,False,False,True,False,vit_correct_resnet_incorrect,-0.1343556,
6541,8,ship,8,ship,0.9263747,True,0,airplane,0.72172165,False,False,False,True,False,vit_correct_resnet_incorrect,0.20465302,
6545,9,truck,9,truck,0.8650105,True,8,ship,0.7612147,False,False,False,True,False,vit_correct_resnet_incorrect,0.10379583,
6590,5,dog,3,cat,0.64835495,False,3,cat,0.38179785,False,False,True,False,False,both_models_incorrect,0.2665571,
6627,5,dog,5,dog,0.8132456,True,3,cat,0.348985,False,False,False,True,False,vit_correct_resnet_incorrect,0.4642606,
6640,5,dog,3,cat,0.60003984,False,3,cat,0.8953915,False,False,True,False,False,both_models_incorrect,-0.29535168,
6646,5,dog,3,cat,0.89547324,False,2,bird,0.46448106,False,False,True,False,False,both_models_incorrect,0.4309922,
6669,5,dog,5,dog,0.40780464,True,7,horse,0.35950693,False,False,False,True,False,vit_correct_resnet_incorrect,0.048297703,
6741,9,truck,1,automobile,0.6583824,False,9,truck,0.77058595,True,False,False,False,True,resnet_correct_vit_incorrect,-0.11220354,
6750,4,deer,3,cat,0.9044556,False,2,bird,0.34986925,False,False,True,False,False,both_models_incorrect,0.55458635,
6753,4,deer,4,deer,0.46667778,True,0,airplane,0.26958,False,False,False,True,False,vit_correct_resnet_incorrect,0.19709778,
6774,3,cat,7,horse,0.8997501,False,7,horse,0.36037013,False,False,True,False,False,both_models_incorrect,0.53937995,
6781,3,cat,3,cat,0.9244169,True,6,frog,0.7796776,False,False,False,True,False,vit_correct_resnet_incorrect,0.14473927,
6792,3,cat,9,truck,0.8722692,False,8,ship,0.3564987,False,False,True,False,False,both_models_incorrect,0.51577055,
6837,5,dog,5,dog,0.8487934,True,4,deer,0.4386788,False,False,False,True,False,vit_correct_resnet_incorrect,0.4101146,
6839,8,ship,0,airplane,0.8907967,False,8,ship,0.8730326,True,False,False,False,True,resnet_correct_vit_incorrect,0.017764091,
6859,3,cat,1,automobile,0.55911136,False,1,automobile,0.43624508,False,False,True,False,False,both_models_incorrect,0.12286627,
6860,0,airplane,0,airplane,0.8926105,True,2,bird,0.62151754,False,False,False,True,False,vit_correct_resnet_incorrect,0.27109295,
6865,3,cat,3,cat,0.8416173,True,4,deer,0.49349347,False,False,False,True,False,vit_correct_resnet_incorrect,0.34812382,
6869,5,dog,3,cat,0.93555856,False,3,cat,0.62827826,False,False,True,False,False,both_models_incorrect,0.3072803,
6912,3,cat,3,cat,0.37313217,True,2,bird,0.4679038,False,False,False,True,False,vit_correct_resnet_incorrect,-0.09477162,
6942,3,cat,7,horse,0.3796875,False,2,bird,0.7333198,False,False,True,False,False,both_models_incorrect,-0.35363233,
6954,7,horse,7,horse,0.8230791,True,0,airplane,0.7750651,False,False,False,True,False,vit_correct_resnet_incorrect,0.048013985,
6966,0,airplane,8,ship,0.72788775,False,0,airplane,0.91687304,True,False,False,False,True,resnet_correct_vit_incorrect,-0.18898529,
6970,0,airplane,2,bird,0.47775534,False,2,bird,0.60034984,False,False,True,False,False,both_models_incorrect,-0.122594506,
7000,2,bird,8,ship,0.8112506,False,2,bird,0.4808174,True,False,False,False,True,resnet_correct_vit_incorrect,0.33043322,
7002,3,cat,5,dog,0.59019756,False,6,frog,0.49807358,False,False,True,False,False,both_models_incorrect,0.092123985,
7005,1,automobile,1,automobile,0.8816307,True,9,truck,0.3505125,False,False,False,True,False,vit_correct_resnet_incorrect,0.5311182,
7040,7,horse,0,airplane,0.8370633,False,0,airplane,0.38902682,False,False,True,False,False,both_models_incorrect,0.4480365,
7062,4,deer,2,bird,0.57658136,False,4,deer,0.69725925,True,False,False,False,True,resnet_correct_vit_incorrect,-0.12067789,
7068,2,bird,0,airplane,0.52151793,False,0,airplane,0.3469471,False,False,True,False,False,both_models_incorrect,0.17457083,
7090,2,bird,2,bird,0.9108146,True,3,cat,0.5046178,False,False,False,True,False,vit_correct_resnet_incorrect,0.40619677,
7099,3,cat,5,dog,0.9030917,False,5,dog,0.8404037,False,False,True,False,False,both_models_incorrect,0.06268805,
7107,2,bird,6,frog,0.91753846,False,6,frog,0.8350548,False,False,True,False,False,both_models_incorrect,0.08248365,
7117,6,frog,0,airplane,0.28686053,False,6,frog,0.8843209,True,False,False,False,True,resnet_correct_vit_incorrect,-0.5974604,
7124,5,dog,5,dog,0.88816345,True,7,horse,0.40931317,False,False,False,True,False,vit_correct_resnet_incorrect,0.47885028,
7143,4,deer,2,bird,0.53787446,False,2,bird,0.5500471,False,False,True,False,False,both_models_incorrect,-0.012172639,
7150,3,cat,7,horse,0.40146402,False,2,bird,0.69722724,False,False,True,False,False,both_models_incorrect,-0.29576322,
7214,3,cat,5,dog,0.45434028,False,5,dog,0.8465753,False,False,True,False,False,both_models_incorrect,-0.39223504,
7217,8,ship,8,ship,0.9185464,True,0,airplane,0.77943534,False,False,False,True,False,vit_correct_resnet_incorrect,0.13911104,
7228,3,cat,3,cat,0.8859038,True,6,frog,0.24536017,False,False,False,True,False,vit_correct_resnet_incorrect,0.6405436,
7246,0,airplane,0,airplane,0.904109,True,2,bird,0.41691163,False,False,False,True,False,vit_correct_resnet_incorrect,0.48719737,
7274,1,automobile,9,truck,0.86491305,False,9,truck,0.5008169,False,False,True,False,False,both_models_incorrect,0.36409616,
7311,1,automobile,9,truck,0.9103215,False,1,automobile,0.4550279,True,False,False,False,True,resnet_correct_vit_incorrect,0.45529357,
7343,7,horse,2,bird,0.82444715,False,7,horse,0.4246392,True,False,False,False,True,resnet_correct_vit_incorrect,0.39980796,
7370,3,cat,2,bird,0.7479376,False,3,cat,0.7897974,True,False,False,False,True,resnet_correct_vit_incorrect,-0.041859806,
7378,3,cat,7,horse,0.83431846,False,3,cat,0.92142993,True,False,False,False,True,resnet_correct_vit_incorrect,-0.08711147,
7400,3,cat,5,dog,0.5986605,False,5,dog,0.47406834,False,False,True,False,False,both_models_incorrect,0.124592185,
7406,7,horse,7,horse,0.9023099,True,2,bird,0.33904183,False,False,False,True,False,vit_correct_resnet_incorrect,0.56326807,
7408,4,deer,5,dog,0.52304506,False,3,cat,0.28260812,False,False,True,False,False,both_models_incorrect,0.24043694,
7420,3,cat,5,dog,0.7576507,False,3,cat,0.92083144,True,False,False,False,True,resnet_correct_vit_incorrect,-0.16318077,
7439,5,dog,5,dog,0.9181998,True,3,cat,0.8098269,False,False,False,True,False,vit_correct_resnet_incorrect,0.10837287,
7455,1,automobile,9,truck,0.8024966,False,1,automobile,0.7895983,True,False,False,False,True,resnet_correct_vit_incorrect,0.012898326,
7491,9,truck,9,truck,0.8920337,True,1,automobile,0.40971035,False,False,False,True,False,vit_correct_resnet_incorrect,0.48232335,
7497,3,cat,3,cat,0.9297263,True,5,dog,0.4615234,False,False,False,True,False,vit_correct_resnet_incorrect,0.4682029,
7509,3,cat,5,dog,0.86840713,False,5,dog,0.35982126,False,False,True,False,False,both_models_incorrect,0.5085859,
7524,3,cat,8,ship,0.86147565,False,0,airplane,0.24280512,False,False,True,False,False,both_models_incorrect,0.6186705,
7549,3,cat,5,dog,0.87300944,False,3,cat,0.8172943,True,False,False,False,True,resnet_correct_vit_incorrect,0.055715144,
7559,8,ship,1,automobile,0.89064884,False,1,automobile,0.76786816,False,False,True,False,False,both_models_incorrect,0.12278068,
7578,9,truck,9,truck,0.52114046,True,1,automobile,0.45580932,False,False,False,True,False,vit_correct_resnet_incorrect,0.06533113,
7590,2,bird,4,deer,0.8917801,False,4,deer,0.64921325,False,False,True,False,False,both_models_incorrect,0.24256682,
7609,0,airplane,0,airplane,0.85539806,True,1,automobile,0.49492034,False,False,False,True,False,vit_correct_resnet_incorrect,0.36047772,
7611,7,horse,7,horse,0.71512526,True,4,deer,0.57135,False,False,False,True,False,vit_correct_resnet_incorrect,0.14377528,
7617,2,bird,0,airplane,0.92160916,False,0,airplane,0.7602272,False,False,True,False,False,both_models_incorrect,0.16138196,
7620,5,dog,5,dog,0.8654229,True,2,bird,0.39748123,False,False,False,True,False,vit_correct_resnet_incorrect,0.46794167,
7644,3,cat,3,cat,0.8744835,True,5,dog,0.76769924,False,False,False,True,False,vit_correct_resnet_incorrect,0.106784284,
7657,2,bird,5,dog,0.66835904,False,7,horse,0.79709774,False,False,True,False,False,both_models_incorrect,-0.1287387,
7680,3,cat,3,cat,0.59592324,True,5,dog,0.8585893,False,False,False,True,False,vit_correct_resnet_incorrect,-0.26266605,
7685,9,truck,9,truck,0.87989765,True,1,automobile,0.6113318,False,False,False,True,False,vit_correct_resnet_incorrect,0.26856583,
7730,4,deer,3,cat,0.65013164,False,4,deer,0.8897161,True,False,False,False,True,resnet_correct_vit_incorrect,-0.23958445,
7744,4,deer,4,deer,0.8786946,True,8,ship,0.32382366,False,False,False,True,False,vit_correct_resnet_incorrect,0.55487096,
7750,3,cat,4,deer,0.91223896,False,3,cat,0.6256793,True,False,False,False,True,resnet_correct_vit_incorrect,0.28655964,
7761,2,bird,3,cat,0.6778163,False,3,cat,0.6763545,False,False,True,False,False,both_models_incorrect,0.0014617443,
7769,4,deer,7,horse,0.7453966,False,4,deer,0.79017156,True,False,False,False,True,resnet_correct_vit_incorrect,-0.04477495,
7784,7,horse,4,deer,0.64291495,False,7,horse,0.45792896,True,False,False,False,True,resnet_correct_vit_incorrect,0.184986,
7792,9,truck,1,automobile,0.6251707,False,1,automobile,0.5288791,False,False,True,False,False,both_models_incorrect,0.0962916,
7827,3,cat,3,cat,0.8282657,True,5,dog,0.49983406,False,False,False,True,False,vit_correct_resnet_incorrect,0.32843167,
7839,3,cat,4,deer,0.4442505,False,4,deer,0.8417607,False,False,True,False,False,both_models_incorrect,-0.3975102,
7842,5,dog,5,dog,0.85185903,True,4,deer,0.5515659,False,False,False,True,False,vit_correct_resnet_incorrect,0.30029315,
7852,5,dog,7,horse,0.9312953,False,7,horse,0.42975196,False,False,True,False,False,both_models_incorrect,0.5015433,
7853,3,cat,4,deer,0.6429415,False,2,bird,0.48844886,False,False,True,False,False,both_models_incorrect,0.15449262,
7892,1,automobile,9,truck,0.7476007,False,9,truck,0.7641218,False,False,True,False,False,both_models_incorrect,-0.016521096,
7896,4,deer,3,cat,0.7342709,False,4,deer,0.8530589,True,False,False,False,True,resnet_correct_vit_incorrect,-0.118788004,
7906,2,bird,2,bird,0.7799186,True,4,deer,0.69369847,False,False,False,True,False,vit_correct_resnet_incorrect,0.086220145,
7940,2,bird,6,frog,0.85380954,False,2,bird,0.8666308,True,False,False,False,True,resnet_correct_vit_incorrect,-0.012821257,
7941,5,dog,5,dog,0.9498261,True,4,deer,0.42235288,False,False,False,True,False,vit_correct_resnet_incorrect,0.5274732,
7952,3,cat,3,cat,0.85966885,True,6,frog,0.16890596,False,False,False,True,False,vit_correct_resnet_incorrect,0.6907629,
7962,3,cat,5,dog,0.85855,False,3,cat,0.9061799,True,False,False,False,True,resnet_correct_vit_incorrect,-0.047629893,
7967,9,truck,1,automobile,0.9025411,False,1,automobile,0.831155,False,False,True,False,False,both_models_incorrect,0.0713861,
8014,2,bird,3,cat,0.8234494,False,2,bird,0.3359578,True,False,False,False,True,resnet_correct_vit_incorrect,0.48749158,
8033,3,cat,3,cat,0.8433965,True,5,dog,0.6551298,False,False,False,True,False,vit_correct_resnet_incorrect,0.1882667,
8058,4,deer,4,deer,0.6934217,True,1,automobile,0.34325075,False,False,False,True,False,vit_correct_resnet_incorrect,0.35017097,
8112,3,cat,6,frog,0.73337215,False,3,cat,0.9379712,True,False,False,False,True,resnet_correct_vit_incorrect,-0.20459902,
8144,9,truck,9,truck,0.9150308,True,1,automobile,0.90081877,False,False,False,True,False,vit_correct_resnet_incorrect,0.014212012,
8161,5,dog,5,dog,0.9149393,True,3,cat,0.5862883,False,False,False,True,False,vit_correct_resnet_incorrect,0.328651,
8166,2,bird,2,bird,0.38465786,True,5,dog,0.5165262,False,False,False,True,False,vit_correct_resnet_incorrect,-0.13186836,
8172,5,dog,3,cat,0.5092007,False,5,dog,0.48571372,True,False,False,False,True,resnet_correct_vit_incorrect,0.023486972,
8173,5,dog,5,dog,0.735267,True,3,cat,0.5737979,False,False,False,True,False,vit_correct_resnet_incorrect,0.1614691,
8212,5,dog,5,dog,0.93986267,True,3,cat,0.5028111,False,False,False,True,False,vit_correct_resnet_incorrect,0.4370516,
8236,5,dog,3,cat,0.81133544,False,5,dog,0.57768524,True,False,False,False,True,resnet_correct_vit_incorrect,0.23365021,
8268,5,dog,3,cat,0.8975304,False,3,cat,0.24852681,False,False,True,False,False,both_models_incorrect,0.64900357,
8272,9,truck,9,truck,0.8380001,True,1,automobile,0.44610858,False,False,False,True,False,vit_correct_resnet_incorrect,0.39189154,
8281,3,cat,5,dog,0.4823169,False,5,dog,0.758563,False,False,True,False,False,both_models_incorrect,-0.27624607,
8295,3,cat,0,airplane,0.9066425,False,0,airplane,0.31811163,False,False,True,False,False,both_models_incorrect,0.5885309,
8304,1,automobile,9,truck,0.78471947,False,1,automobile,0.3526812,True,False,False,False,True,resnet_correct_vit_incorrect,0.43203828,
8317,5,dog,5,dog,0.92899394,True,3,cat,0.4312769,False,False,False,True,False,vit_correct_resnet_incorrect,0.49771705,
8324,3,cat,5,dog,0.7219302,False,5,dog,0.663406,False,False,True,False,False,both_models_incorrect,0.05852419,
8382,3,cat,4,deer,0.8620099,False,3,cat,0.64523506,True,False,False,False,True,resnet_correct_vit_incorrect,0.21677482,
8385,9,truck,1,automobile,0.5090658,False,9,truck,0.38998973,True,False,False,False,True,resnet_correct_vit_incorrect,0.11907607,
8394,7,horse,3,cat,0.62048584,False,3,cat,0.30210593,False,False,True,False,False,both_models_incorrect,0.3183799,
8457,2,bird,2,bird,0.6805446,True,4,deer,0.88844144,False,False,False,True,False,vit_correct_resnet_incorrect,-0.20789683,
8465,9,truck,9,truck,0.8900001,True,1,automobile,0.89532626,False,False,False,True,False,vit_correct_resnet_incorrect,-0.005326152,
8469,5,dog,3,cat,0.88575786,False,3,cat,0.8489979,False,False,True,False,False,both_models_incorrect,0.036759973,
8480,2,bird,2,bird,0.91455525,True,6,frog,0.54224795,False,False,False,True,False,vit_correct_resnet_incorrect,0.3723073,
8484,3,cat,6,frog,0.7887429,False,3,cat,0.6998655,True,False,False,False,True,resnet_correct_vit_incorrect,0.08887738,
8490,3,cat,3,cat,0.84542894,True,6,frog,0.58691967,False,False,False,True,False,vit_correct_resnet_incorrect,0.25850928,
8504,1,automobile,8,ship,0.4176537,False,1,automobile,0.61753535,True,False,False,False,True,resnet_correct_vit_incorrect,-0.19988164,
8514,7,horse,7,horse,0.9344357,True,3,cat,0.49364462,False,False,False,True,False,vit_correct_resnet_incorrect,0.4407911,
8521,9,truck,8,ship,0.86403865,False,9,truck,0.73181677,True,False,False,False,True,resnet_correct_vit_incorrect,0.13222188,
8529,0,airplane,8,ship,0.9095102,False,0,airplane,0.50614315,True,False,False,False,True,resnet_correct_vit_incorrect,0.40336704,
8535,7,horse,5,dog,0.57099295,False,7,horse,0.61439663,True,False,False,False,True,resnet_correct_vit_incorrect,-0.043403685,
8541,8,ship,1,automobile,0.4177267,False,8,ship,0.8670685,True,False,False,False,True,resnet_correct_vit_incorrect,-0.44934183,
8548,3,cat,4,deer,0.32700714,False,4,deer,0.48013875,False,False,True,False,False,both_models_incorrect,-0.1531316,
8576,2,bird,2,bird,0.46816498,True,0,airplane,0.2665947,False,False,False,True,False,vit_correct_resnet_incorrect,0.20157027,
8577,3,cat,3,cat,0.681636,True,6,frog,0.7077446,False,False,False,True,False,vit_correct_resnet_incorrect,-0.026108623,
8598,3,cat,3,cat,0.84942245,True,2,bird,0.8411479,False,False,False,True,False,vit_correct_resnet_incorrect,0.008274555,
8617,3,cat,3,cat,0.8727015,True,5,dog,0.41244093,False,False,False,True,False,vit_correct_resnet_incorrect,0.4602606,
8618,5,dog,4,deer,0.51010126,False,5,dog,0.84731466,True,False,False,False,True,resnet_correct_vit_incorrect,-0.3372134,
8632,3,cat,3,cat,0.8217678,True,8,ship,0.39239874,False,False,False,True,False,vit_correct_resnet_incorrect,0.42936906,
8650,2,bird,2,bird,0.93136096,True,4,deer,0.84106576,False,False,False,True,False,vit_correct_resnet_incorrect,0.090295196,
8672,7,horse,4,deer,0.44016063,False,7,horse,0.88044345,True,False,False,False,True,resnet_correct_vit_incorrect,-0.44028282,
8677,3,cat,5,dog,0.4858745,False,5,dog,0.4290822,False,False,True,False,False,both_models_incorrect,0.05679229,
8723,5,dog,5,dog,0.52137786,True,7,horse,0.57612467,False,False,False,True,False,vit_correct_resnet_incorrect,-0.054746807,
8728,6,frog,6,frog,0.81080276,True,5,dog,0.6049598,False,False,False,True,False,vit_correct_resnet_incorrect,0.20584297,
8743,0,airplane,0,airplane,0.6664676,True,8,ship,0.44635725,False,False,False,True,False,vit_correct_resnet_incorrect,0.22011036,
8778,3,cat,0,airplane,0.4963718,False,0,airplane,0.6258643,False,False,True,False,False,both_models_incorrect,-0.12949252,
8803,3,cat,5,dog,0.91406035,False,5,dog,0.56032234,False,False,True,False,False,both_models_incorrect,0.353738,
8858,6,frog,3,cat,0.6975908,False,6,frog,0.8047513,True,False,False,False,True,resnet_correct_vit_incorrect,-0.10716045,
8872,8,ship,8,ship,0.70416963,True,0,airplane,0.34345788,False,False,False,True,False,vit_correct_resnet_incorrect,0.36071175,
8898,7,horse,7,horse,0.9059753,True,0,airplane,0.37980232,False,False,False,True,False,vit_correct_resnet_incorrect,0.526173,
8943,7,horse,7,horse,0.9000153,True,5,dog,0.41375092,False,False,False,True,False,vit_correct_resnet_incorrect,0.48626438,
8966,3,cat,6,frog,0.89064693,False,3,cat,0.91837096,True,False,False,False,True,resnet_correct_vit_incorrect,-0.027724028,
8983,3,cat,4,deer,0.8593814,False,4,deer,0.65817183,False,False,True,False,False,both_models_incorrect,0.20120955,
9034,2,bird,2,bird,0.8997595,True,4,deer,0.6327134,False,False,False,True,False,vit_correct_resnet_incorrect,0.2670461,
9036,4,deer,7,horse,0.9048113,False,4,deer,0.82377744,True,False,False,False,True,resnet_correct_vit_incorrect,0.081033885,
9039,2,bird,6,frog,0.7885271,False,6,frog,0.5988635,False,False,True,False,False,both_models_incorrect,0.18966359,
9080,3,cat,5,dog,0.8864953,False,5,dog,0.8105844,False,False,True,False,False,both_models_incorrect,0.075910866,
9103,7,horse,5,dog,0.5494194,False,7,horse,0.47584248,True,False,False,False,True,resnet_correct_vit_incorrect,0.07357693,
9132,2,bird,6,frog,0.87418866,False,6,frog,0.85568666,False,False,True,False,False,both_models_incorrect,0.018501997,
9148,3,cat,5,dog,0.9045989,False,3,cat,0.5453526,True,False,False,False,True,resnet_correct_vit_incorrect,0.3592463,
9190,3,cat,4,deer,0.5522615,False,3,cat,0.8008041,True,False,False,False,True,resnet_correct_vit_incorrect,-0.2485426,
9209,9,truck,1,automobile,0.44962355,False,1,automobile,0.7297571,False,False,True,False,False,both_models_incorrect,-0.28013352,
9216,6,frog,2,bird,0.8822766,False,6,frog,0.8610573,True,False,False,False,True,resnet_correct_vit_incorrect,0.021219313,
9227,1,automobile,9,truck,0.71053797,False,9,truck,0.9554113,False,False,True,False,False,both_models_incorrect,-0.24487334,
9254,7,horse,5,dog,0.73946035,False,5,dog,0.82084376,False,False,True,False,False,both_models_incorrect,-0.08138341,
9260,5,dog,3,cat,0.835225,False,3,cat,0.5876832,False,False,True,False,False,both_models_incorrect,0.24754179,
9300,5,dog,3,cat,0.9180582,False,5,dog,0.8409229,True,False,False,False,True,resnet_correct_vit_incorrect,0.077135324,
9302,3,cat,5,dog,0.7264704,False,3,cat,0.83597183,True,False,False,False,True,resnet_correct_vit_incorrect,-0.10950142,
9329,7,horse,4,deer,0.7638718,False,4,deer,0.6512648,False,False,True,False,False,both_models_incorrect,0.112607,
9346,7,horse,3,cat,0.36114296,False,7,horse,0.56081074,True,False,False,False,True,resnet_correct_vit_incorrect,-0.19966778,
9352,1,automobile,9,truck,0.63304645,False,1,automobile,0.57087487,True,False,False,False,True,resnet_correct_vit_incorrect,0.06217158,
9353,5,dog,4,deer,0.65199006,False,5,dog,0.62283105,True,False,False,False,True,resnet_correct_vit_incorrect,0.02915901,
9363,5,dog,3,cat,0.68066376,False,5,dog,0.9505103,True,False,False,False,True,resnet_correct_vit_incorrect,-0.26984656,
9369,5,dog,4,deer,0.2860874,False,4,deer,0.3378226,False,False,True,False,False,both_models_incorrect,-0.051735193,
9380,5,dog,3,cat,0.8529027,False,3,cat,0.5475612,False,False,True,False,False,both_models_incorrect,0.30534148,
9385,7,horse,7,horse,0.909253,True,2,bird,0.66268754,False,False,False,True,False,vit_correct_resnet_incorrect,0.24656546,
9386,4,deer,4,deer,0.85865647,True,2,bird,0.39134583,False,False,False,True,False,vit_correct_resnet_incorrect,0.46731064,
9414,5,dog,5,dog,0.8105855,True,3,cat,0.90273005,False,False,False,True,False,vit_correct_resnet_incorrect,-0.09214455,
9431,3,cat,3,cat,0.8659749,True,5,dog,0.6135314,False,False,False,True,False,vit_correct_resnet_incorrect,0.2524435,
9467,2,bird,2,bird,0.89582795,True,4,deer,0.3469609,False,False,False,True,False,vit_correct_resnet_incorrect,0.54886705,
9507,0,airplane,0,airplane,0.790562,True,8,ship,0.64251715,False,False,False,True,False,vit_correct_resnet_incorrect,0.14804482,
9518,9,truck,1,automobile,0.7382873,False,9,truck,0.4432873,True,False,False,False,True,resnet_correct_vit_incorrect,0.29500002,
9528,0,airplane,8,ship,0.7368326,False,8,ship,0.5976584,False,False,True,False,False,both_models_incorrect,0.13917422,
9535,1,automobile,9,truck,0.79024684,False,1,automobile,0.901983,True,False,False,False,True,resnet_correct_vit_incorrect,-0.11173618,
9551,5,dog,5,dog,0.8534524,True,3,cat,0.40658337,False,False,False,True,False,vit_correct_resnet_incorrect,0.44686902,
9587,7,horse,5,dog,0.86047065,False,7,horse,0.35256842,True,False,False,False,True,resnet_correct_vit_incorrect,0.50790226,
9635,7,horse,7,horse,0.8904038,True,4,deer,0.52016157,False,False,False,True,False,vit_correct_resnet_incorrect,0.37024224,
9641,6,frog,6,frog,0.9094675,True,3,cat,0.51450276,False,False,False,True,False,vit_correct_resnet_incorrect,0.39496475,
9643,9,truck,0,airplane,0.5036658,False,0,airplane,0.46119544,False,False,True,False,False,both_models_incorrect,0.042470366,
9689,9,truck,1,automobile,0.5253639,False,9,truck,0.4914234,True,False,False,False,True,resnet_correct_vit_incorrect,0.033940524,
9704,2,bird,2,bird,0.46830118,True,3,cat,0.6116863,False,False,False,True,False,vit_correct_resnet_incorrect,-0.14338511,
9734,4,deer,4,deer,0.747665,True,7,horse,0.49218795,False,False,False,True,False,vit_correct_resnet_incorrect,0.25547704,
9812,3,cat,8,ship,0.90228444,False,8,ship,0.8024853,False,False,True,False,False,both_models_incorrect,0.099799156,
9817,9,truck,1,automobile,0.47229666,False,9,truck,0.61042535,True,False,False,False,True,resnet_correct_vit_incorrect,-0.1381287,
9840,4,deer,7,horse,0.8956211,False,4,deer,0.74122584,True,False,False,False,True,resnet_correct_vit_incorrect,0.15439528,
9853,5,dog,6,frog,0.90992177,False,5,dog,0.39262936,True,False,False,False,True,resnet_correct_vit_incorrect,0.5172924,
9857,0,airplane,0,airplane,0.60413545,True,8,ship,0.46590582,False,False,False,True,False,vit_correct_resnet_incorrect,0.13822964,
9894,1,automobile,1,automobile,0.61776507,True,0,airplane,0.403241,False,False,False,True,False,vit_correct_resnet_incorrect,0.21452406,
9910,4,deer,7,horse,0.9297284,False,7,horse,0.6746256,False,False,True,False,False,both_models_incorrect,0.2551028,
9926,3,cat,0,airplane,0.7592166,False,3,cat,0.7247858,True,False,False,False,True,resnet_correct_vit_incorrect,0.034430802,
9968,3,cat,3,cat,0.8840704,True,5,dog,0.57323694,False,False,False,True,False,vit_correct_resnet_incorrect,0.31083345,
9989,2,bird,2,bird,0.8673405,True,4,deer,0.7411582,False,False,False,True,False,vit_correct_resnet_incorrect,0.12618232,
